image,REAL,PRED,0,1,2
/home/a52550/Desktop/datasets/ISIC2017/test/cropped_images//ISIC_0012086,2,2,0.1396430929096154,0.0382109955195,0.3221459092307693
/home/a52550/Desktop/datasets/ISIC2017/test/cropped_images//ISIC_0012092,0,0,0.4941180803846154,0.002559507440924346,0.0033224247219891265
/home/a52550/Desktop/datasets/ISIC2017/test/cropped_images//ISIC_0012095,0,0,0.4988713376923077,0.0004706205469110385,0.0006580430525458525
/home/a52550/Desktop/datasets/ISIC2017/test/cropped_images//ISIC_0012134,2,2,0.0014946033300265384,0.016718125260277307,0.4817872757692307
/home/a52550/Desktop/datasets/ISIC2017/test/cropped_images//ISIC_0012136,2,2,0.04187145162307693,0.03991383941153846,0.41821470096153845
/home/a52550/Desktop/datasets/ISIC2017/test/cropped_images//ISIC_0012147,0,0,0.46705402230769216,0.005855990558606538,0.027089987839918554
/home/a52550/Desktop/datasets/ISIC2017/test/cropped_images//ISIC_0012149,0,2,0.2334041759076923,0.01984124703592308,0.24675457403846154
/home/a52550/Desktop/datasets/ISIC2017/test/cropped_images//ISIC_0012152,0,0,0.3298065297115385,0.11171845443807692,0.058475023172060006
/home/a52550/Desktop/datasets/ISIC2017/test/cropped_images//ISIC_0012178,2,2,0.010526409139746153,0.0017675991603911543,0.4877059961538461
/home/a52550/Desktop/datasets/ISIC2017/test/cropped_images//ISIC_0012199,2,1,0.10502922124576923,0.381717006923077,0.013253767438119233
/home/a52550/Desktop/datasets/ISIC2017/test/cropped_images//ISIC_0012207,2,2,0.0722142394423077,0.0674605025863077,0.36032525961538464
/home/a52550/Desktop/datasets/ISIC2017/test/cropped_images//ISIC_0012215,2,2,0.03643819670796154,0.09601467914115386,0.3675471236153846
/home/a52550/Desktop/datasets/ISIC2017/test/cropped_images//ISIC_0012216,0,2,0.14087375004884614,0.017354898983230768,0.34177135407692305
/home/a52550/Desktop/datasets/ISIC2017/test/cropped_images//ISIC_0012223,2,1,0.04061106772,0.3334347811538461,0.1259541551336731
/home/a52550/Desktop/datasets/ISIC2017/test/cropped_images//ISIC_0012240,2,2,0.03830240337807692,0.043712694585999995,0.4179849046153846
/home/a52550/Desktop/datasets/ISIC2017/test/cropped_images//ISIC_0012248,2,2,0.006458655166884616,0.18837107536153846,0.30517026501538463
/home/a52550/Desktop/datasets/ISIC2017/test/cropped_images//ISIC_0012258,1,2,0.07697138769230771,0.0399346414,0.3830939680384616
/home/a52550/Desktop/datasets/ISIC2017/test/cropped_images//ISIC_0012265,2,1,0.018927891600769232,0.2674864615384615,0.21358564374615382
/home/a52550/Desktop/datasets/ISIC2017/test/cropped_images//ISIC_0012266,2,2,0.10867970715961538,0.06833231522626923,0.3229879909615384
/home/a52550/Desktop/datasets/ISIC2017/test/cropped_images//ISIC_0012272,2,2,0.12849283965092306,0.004347133157405923,0.36716003276923076
/home/a52550/Desktop/datasets/ISIC2017/test/cropped_images//ISIC_0012273,2,2,0.005482402395307693,0.00624647248876923,0.4882711230769232
/home/a52550/Desktop/datasets/ISIC2017/test/cropped_images//ISIC_0012314,2,2,0.11873590198923077,0.030412666194230772,0.3508514251923076
/home/a52550/Desktop/datasets/ISIC2017/test/cropped_images//ISIC_0012323,2,2,0.0010574180191538461,0.005672925292692309,0.4932696523076923
/home/a52550/Desktop/datasets/ISIC2017/test/cropped_images//ISIC_0012330,2,2,0.17797819838076925,0.040908722719230774,0.2811130666807692
/home/a52550/Desktop/datasets/ISIC2017/test/cropped_images//ISIC_0012356,1,2,0.06164680078907692,0.14613789572653846,0.2922153162238461
/home/a52550/Desktop/datasets/ISIC2017/test/cropped_images//ISIC_0012357,0,1,0.0075869332362692304,0.47417496884615384,0.018238097631626923
/home/a52550/Desktop/datasets/ISIC2017/test/cropped_images//ISIC_0012358,2,2,0.03817365147669231,0.0003568644291230769,0.46146948538461535
/home/a52550/Desktop/datasets/ISIC2017/test/cropped_images//ISIC_0012364,2,2,0.04741078842370001,0.005309559603811538,0.4472796500000001
/home/a52550/Desktop/datasets/ISIC2017/test/cropped_images//ISIC_0012369,1,0,0.38287172423076926,0.10360671256730769,0.01352155968553846
/home/a52550/Desktop/datasets/ISIC2017/test/cropped_images//ISIC_0012372,2,2,0.004110432371784616,4.554858780413385e-05,0.49584402807692307
/home/a52550/Desktop/datasets/ISIC2017/test/cropped_images//ISIC_0012375,2,2,0.00032103331669746147,0.0008645260892476154,0.49881443769230766
/home/a52550/Desktop/datasets/ISIC2017/test/cropped_images//ISIC_0012387,2,2,0.009847385074520461,0.005400640429095722,0.4847519680769231
/home/a52550/Desktop/datasets/ISIC2017/test/cropped_images//ISIC_0012388,2,2,0.008181267017269232,0.0010796200931988459,0.49073911461538455
/home/a52550/Desktop/datasets/ISIC2017/test/cropped_images//ISIC_0012395,1,1,0.06179601745384614,0.4269954215384616,0.011208557042796155
/home/a52550/Desktop/datasets/ISIC2017/test/cropped_images//ISIC_0012414,2,2,0.022705939684615387,0.034139929474453844,0.44315413576923074
/home/a52550/Desktop/datasets/ISIC2017/test/cropped_images//ISIC_0012425,1,0,0.2532428016923077,0.011219583498356923,0.23553761392307695
/home/a52550/Desktop/datasets/ISIC2017/test/cropped_images//ISIC_0012428,2,2,0.08682714086557691,0.1383771349463846,0.27479571357692306
/home/a52550/Desktop/datasets/ISIC2017/test/cropped_images//ISIC_0012432,2,2,0.1496922211153846,0.019105330297,0.3312024388461539
/home/a52550/Desktop/datasets/ISIC2017/test/cropped_images//ISIC_0012447,2,2,0.1053055184,0.04136151402230769,0.3533329642076923
/home/a52550/Desktop/datasets/ISIC2017/test/cropped_images//ISIC_0012448,2,2,0.09697276431384615,0.027455711488859228,0.37557152704999996
/home/a52550/Desktop/datasets/ISIC2017/test/cropped_images//ISIC_0012484,0,2,0.028330007076566542,0.00875415475992338,0.4629158369230769
/home/a52550/Desktop/datasets/ISIC2017/test/cropped_images//ISIC_0012493,0,0,0.423131063076923,0.07612106668884615,0.0007478802602692307
/home/a52550/Desktop/datasets/ISIC2017/test/cropped_images//ISIC_0012510,2,0,0.3278899845653846,0.09469715220461539,0.07741287497730769
/home/a52550/Desktop/datasets/ISIC2017/test/cropped_images//ISIC_0012522,2,0,0.4397758280769231,0.014671288908713848,0.0455528762663077
/home/a52550/Desktop/datasets/ISIC2017/test/cropped_images//ISIC_0012537,2,0,0.35950521700000004,0.019333196937384615,0.12116158557057692
/home/a52550/Desktop/datasets/ISIC2017/test/cropped_images//ISIC_0012548,2,0,0.26702271215384615,0.04647264721576923,0.18650463338076922
/home/a52550/Desktop/datasets/ISIC2017/test/cropped_images//ISIC_0012551,0,0,0.4474928992307693,0.0006962379051153461,0.05181086933687692
/home/a52550/Desktop/datasets/ISIC2017/test/cropped_images//ISIC_0012654,0,0,0.4997388934615384,0.00018828832192522305,7.28157488627823e-05
/home/a52550/Desktop/datasets/ISIC2017/test/cropped_images//ISIC_0012656,0,0,0.46672838153846147,0.03311777433525769,0.00015384849526038465
/home/a52550/Desktop/datasets/ISIC2017/test/cropped_images//ISIC_0012705,2,0,0.37401730118653853,0.09243169492307692,0.033551005811538456
/home/a52550/Desktop/datasets/ISIC2017/test/cropped_images//ISIC_0012708,0,0,0.4909467442307692,0.004749084300942307,0.00430417702845125
/home/a52550/Desktop/datasets/ISIC2017/test/cropped_images//ISIC_0012722,0,0,0.48143776846153846,0.00046144833495096154,0.01810078424434961
/home/a52550/Desktop/datasets/ISIC2017/test/cropped_images//ISIC_0012757,2,2,0.055718962520692306,0.03591986384039231,0.40836116396153854
/home/a52550/Desktop/datasets/ISIC2017/test/cropped_images//ISIC_0012758,1,0,0.3663031895769231,0.13362971173934615,6.710370847223076e-05
/home/a52550/Desktop/datasets/ISIC2017/test/cropped_images//ISIC_0012786,2,2,0.03907723601050385,0.000650697717850473,0.46027206769230766
/home/a52550/Desktop/datasets/ISIC2017/test/cropped_images//ISIC_0012803,0,0,0.32326025886923077,0.005257205172723076,0.17148252484384616
/home/a52550/Desktop/datasets/ISIC2017/test/cropped_images//ISIC_0012836,0,0,0.4950310715384615,0.0006258085148053154,0.004343121158849999
/home/a52550/Desktop/datasets/ISIC2017/test/cropped_images//ISIC_0012837,0,0,0.426182163076923,0.012842989672203846,0.06097484672042308
/home/a52550/Desktop/datasets/ISIC2017/test/cropped_images//ISIC_0012848,2,1,0.18894983701884616,0.24809351184615383,0.06295665412807692
/home/a52550/Desktop/datasets/ISIC2017/test/cropped_images//ISIC_0012852,2,0,0.29544183747999997,0.0020177506292929424,0.202540417345
/home/a52550/Desktop/datasets/ISIC2017/test/cropped_images//ISIC_0012903,0,0,0.46163694749999995,0.00010431369251742307,0.03825873937989978
/home/a52550/Desktop/datasets/ISIC2017/test/cropped_images//ISIC_0012904,0,0,0.46055912307692304,0.006748656548118885,0.03269222990407693
/home/a52550/Desktop/datasets/ISIC2017/test/cropped_images//ISIC_0012928,2,2,0.043414454417538474,0.0020338049353203842,0.45455173938461535
/home/a52550/Desktop/datasets/ISIC2017/test/cropped_images//ISIC_0012941,0,0,0.26601150423076925,0.0010319050398913845,0.2329565805542308
/home/a52550/Desktop/datasets/ISIC2017/test/cropped_images//ISIC_0012955,2,2,0.05217024235403846,0.00041038565416538477,0.44741936499999996
/home/a52550/Desktop/datasets/ISIC2017/test/cropped_images//ISIC_0012967,0,2,0.19792489670000002,0.006875141895953846,0.29519996225
/home/a52550/Desktop/datasets/ISIC2017/test/cropped_images//ISIC_0012974,2,2,0.0006939264129978847,3.630158033132307e-05,0.49926977692307695
/home/a52550/Desktop/datasets/ISIC2017/test/cropped_images//ISIC_0012989,1,1,0.0002467818486118179,0.4997315111538462,2.1714303562991156e-05
/home/a52550/Desktop/datasets/ISIC2017/test/cropped_images//ISIC_0013030,2,2,0.0036078583561923072,0.00030033045772953463,0.49609181730769236
/home/a52550/Desktop/datasets/ISIC2017/test/cropped_images//ISIC_0013035,2,0,0.33178787370557694,0.002755381483375769,0.1654567379523077
/home/a52550/Desktop/datasets/ISIC2017/test/cropped_images//ISIC_0013045,0,0,0.4953013534615385,0.0046533962154999995,4.5245841923267314e-05
/home/a52550/Desktop/datasets/ISIC2017/test/cropped_images//ISIC_0013070,0,0,0.4918053284615385,0.0054117350554726915,0.002782940726000001
/home/a52550/Desktop/datasets/ISIC2017/test/cropped_images//ISIC_0013072,1,1,0.07117138807307692,0.3638875359846154,0.06494107466115386
/home/a52550/Desktop/datasets/ISIC2017/test/cropped_images//ISIC_0013073,1,1,0.0775588981651923,0.4184402102084616,0.004000892116980769
/home/a52550/Desktop/datasets/ISIC2017/test/cropped_images//ISIC_0013085,2,2,0.018868005399346154,0.00024225508033261917,0.48088974
/home/a52550/Desktop/datasets/ISIC2017/test/cropped_images//ISIC_0013109,0,0,0.49931486307692297,0.0003640437116390381,0.00032109224780264996
/home/a52550/Desktop/datasets/ISIC2017/test/cropped_images//ISIC_0013159,0,2,0.1502446172076923,0.03916418057307692,0.3105912044615385
/home/a52550/Desktop/datasets/ISIC2017/test/cropped_images//ISIC_0013164,0,0,0.49950265384615383,0.0001431620575697015,0.00035418585361285545
/home/a52550/Desktop/datasets/ISIC2017/test/cropped_images//ISIC_0013169,2,2,0.03054022034975,0.0006586024462526922,0.46880117923076925
/home/a52550/Desktop/datasets/ISIC2017/test/cropped_images//ISIC_0013170,2,2,0.033349139937,0.00017964910565423074,0.4664712142307693
/home/a52550/Desktop/datasets/ISIC2017/test/cropped_images//ISIC_0013176,0,0,0.40672238884615386,0.09312823605026922,0.00014936448199192305
/home/a52550/Desktop/datasets/ISIC2017/test/cropped_images//ISIC_0013191,0,0,0.4748802742307691,0.00267186683725,0.022447856954475
/home/a52550/Desktop/datasets/ISIC2017/test/cropped_images//ISIC_0013203,2,2,0.03282945635050057,0.0001297586957312704,0.46704078807692306
/home/a52550/Desktop/datasets/ISIC2017/test/cropped_images//ISIC_0013216,0,0,0.4404756538461539,0.012284570393715385,0.04723977115849461
/home/a52550/Desktop/datasets/ISIC2017/test/cropped_images//ISIC_0013226,0,0,0.40825367823076925,0.0006071247749158461,0.0911391894553846
/home/a52550/Desktop/datasets/ISIC2017/test/cropped_images//ISIC_0013230,0,0,0.49906499192307685,0.0002737742060223077,0.0006612278670614676
/home/a52550/Desktop/datasets/ISIC2017/test/cropped_images//ISIC_0013242,1,0,0.4072566405000001,0.08802653178361539,0.004716837466542308
/home/a52550/Desktop/datasets/ISIC2017/test/cropped_images//ISIC_0013269,0,0,0.418071535825,0.08181629602924,0.00011216197860213865
/home/a52550/Desktop/datasets/ISIC2017/test/cropped_images//ISIC_0013270,2,1,0.17217034197307693,0.24923278380749997,0.078596872993115
/home/a52550/Desktop/datasets/ISIC2017/test/cropped_images//ISIC_0013271,2,2,0.1777948042669231,0.00546481548318173,0.31674038051069225
/home/a52550/Desktop/datasets/ISIC2017/test/cropped_images//ISIC_0013277,1,0,0.3746831190384616,0.07834876337734616,0.046968121213192306
/home/a52550/Desktop/datasets/ISIC2017/test/cropped_images//ISIC_0013281,2,2,0.02735095830907277,0.00022779600543271341,0.47242124115384626
/home/a52550/Desktop/datasets/ISIC2017/test/cropped_images//ISIC_0013291,0,0,0.29627791115384616,0.20323764673961536,0.00048443957632307696
/home/a52550/Desktop/datasets/ISIC2017/test/cropped_images//ISIC_0013319,2,1,0.04752753517307692,0.3172373068076923,0.1352351556923077
/home/a52550/Desktop/datasets/ISIC2017/test/cropped_images//ISIC_0013321,1,2,0.15435530757192303,0.016549034147688078,0.32909566257307693
/home/a52550/Desktop/datasets/ISIC2017/test/cropped_images//ISIC_0013325,0,0,0.4627728384615384,0.03716840347565385,5.87671589303077e-05
/home/a52550/Desktop/datasets/ISIC2017/test/cropped_images//ISIC_0013374,1,1,0.007331973352857693,0.4668247549999999,0.025843265789576925
/home/a52550/Desktop/datasets/ISIC2017/test/cropped_images//ISIC_0013393,2,2,0.06698519136538462,0.023871772234551152,0.40914303921000006
/home/a52550/Desktop/datasets/ISIC2017/test/cropped_images//ISIC_0013399,0,0,0.4684554196153846,0.0005042440720725545,0.031040340938769236
/home/a52550/Desktop/datasets/ISIC2017/test/cropped_images//ISIC_0013411,1,2,0.08793744378115384,0.11770273084390771,0.2943598193730769
/home/a52550/Desktop/datasets/ISIC2017/test/cropped_images//ISIC_0013414,1,0,0.4635460842307693,0.009619021204554077,0.026834884229000003
/home/a52550/Desktop/datasets/ISIC2017/test/cropped_images//ISIC_0013416,0,0,0.49912007230769234,0.0007117991463905386,0.00016813774365925384
/home/a52550/Desktop/datasets/ISIC2017/test/cropped_images//ISIC_0013455,1,1,0.2419009045946154,0.25787963119230767,0.00021946209793961537
/home/a52550/Desktop/datasets/ISIC2017/test/cropped_images//ISIC_0013457,1,1,0.21384721317692307,0.27772237024615387,0.008430415110807691
/home/a52550/Desktop/datasets/ISIC2017/test/cropped_images//ISIC_0013459,1,0,0.2809464073076923,0.2178860347615385,0.001167573149523077
/home/a52550/Desktop/datasets/ISIC2017/test/cropped_images//ISIC_0013465,2,2,0.10990163977538457,0.0003646277603721269,0.3897337370384616
/home/a52550/Desktop/datasets/ISIC2017/test/cropped_images//ISIC_0013472,1,0,0.26685702708,0.23159834583384617,0.001544634166698077
/home/a52550/Desktop/datasets/ISIC2017/test/cropped_images//ISIC_0013473,1,1,0.03034082987730769,0.42789502807692315,0.04176413361038462
/home/a52550/Desktop/datasets/ISIC2017/test/cropped_images//ISIC_0013511,0,1,0.11616758776815385,0.2311187073846154,0.15271370465215384
/home/a52550/Desktop/datasets/ISIC2017/test/cropped_images//ISIC_0013512,0,0,0.34167732913769233,0.08280934985837309,0.07551333024688181
/home/a52550/Desktop/datasets/ISIC2017/test/cropped_images//ISIC_0013529,0,0,0.3168610284615384,0.18286986400384614,0.00026910225291153846
/home/a52550/Desktop/datasets/ISIC2017/test/cropped_images//ISIC_0013565,1,2,0.1388972400923077,0.044302944190384615,0.31679981083846154
/home/a52550/Desktop/datasets/ISIC2017/test/cropped_images//ISIC_0013577,1,1,0.010618969298076923,0.35620789880769227,0.13317313568865924
/home/a52550/Desktop/datasets/ISIC2017/test/cropped_images//ISIC_0013588,1,1,0.10163989085307691,0.2448102036153846,0.15354990501000002
/home/a52550/Desktop/datasets/ISIC2017/test/cropped_images//ISIC_0013600,0,0,0.49895735961538457,0.0009796065847873078,6.303347872642306e-05
/home/a52550/Desktop/datasets/ISIC2017/test/cropped_images//ISIC_0013602,0,0,0.42608105807692304,0.06186364490115384,0.01205530569296923
/home/a52550/Desktop/datasets/ISIC2017/test/cropped_images//ISIC_0013615,1,1,0.11678972304807692,0.38268877869230766,0.0005214841123346155
/home/a52550/Desktop/datasets/ISIC2017/test/cropped_images//ISIC_0013617,1,0,0.47987890423076923,0.019499216376649996,0.0006218807228907693
/home/a52550/Desktop/datasets/ISIC2017/test/cropped_images//ISIC_0013636,1,1,0.11685254512884614,0.38224392391538464,0.0009035271413165383
/home/a52550/Desktop/datasets/ISIC2017/test/cropped_images//ISIC_0013673,2,2,0.0525258203076923,0.00023121553270776923,0.44724298038461535
/home/a52550/Desktop/datasets/ISIC2017/test/cropped_images//ISIC_0013678,1,2,0.10497034573076923,0.13956074556153844,0.255468901326923
/home/a52550/Desktop/datasets/ISIC2017/test/cropped_images//ISIC_0013696,1,0,0.4310272473076922,0.04935075124065386,0.019622006037653843
/home/a52550/Desktop/datasets/ISIC2017/test/cropped_images//ISIC_0013708,2,2,0.00320155971226923,0.02585228918203654,0.47094614461538453
/home/a52550/Desktop/datasets/ISIC2017/test/cropped_images//ISIC_0013733,1,1,0.19830713474423078,0.2733193622807693,0.02837350025723077
/home/a52550/Desktop/datasets/ISIC2017/test/cropped_images//ISIC_0013738,0,0,0.4997421553846154,0.00016684068815912294,9.10202114189774e-05
/home/a52550/Desktop/datasets/ISIC2017/test/cropped_images//ISIC_0013739,1,0,0.38254289211538467,0.029911680218115386,0.08754542819609615
/home/a52550/Desktop/datasets/ISIC2017/test/cropped_images//ISIC_0013764,2,2,0.030001767635384615,0.18294919419230768,0.2870490385576923
/home/a52550/Desktop/datasets/ISIC2017/test/cropped_images//ISIC_0013766,1,0,0.36214490420846157,0.13755519911923078,0.00029989334164625764
/home/a52550/Desktop/datasets/ISIC2017/test/cropped_images//ISIC_0013767,1,1,0.09911136055846154,0.3931149221153846,0.007773711844384615
/home/a52550/Desktop/datasets/ISIC2017/test/cropped_images//ISIC_0013794,0,0,0.4998869484615384,8.393626013258297e-05,2.911664442131825e-05
/home/a52550/Desktop/datasets/ISIC2017/test/cropped_images//ISIC_0013809,0,1,0.04671759816946154,0.45244574099999996,0.0008366615859488459
/home/a52550/Desktop/datasets/ISIC2017/test/cropped_images//ISIC_0013813,1,1,0.02541528506088462,0.393749932523077,0.08083478130700383
/home/a52550/Desktop/datasets/ISIC2017/test/cropped_images//ISIC_0013814,1,1,0.0779249674603846,0.4063169234615384,0.015758113970076922
/home/a52550/Desktop/datasets/ISIC2017/test/cropped_images//ISIC_0013833,1,1,0.017104386351384615,0.46171980769230775,0.021175797641826925
/home/a52550/Desktop/datasets/ISIC2017/test/cropped_images//ISIC_0013842,1,0,0.4773673357692307,0.019939447306653844,0.0026932191259465385
/home/a52550/Desktop/datasets/ISIC2017/test/cropped_images//ISIC_0013867,1,1,0.1629689836211539,0.32826045653076924,0.008770555877000001
/home/a52550/Desktop/datasets/ISIC2017/test/cropped_images//ISIC_0013891,0,0,0.4997900646153846,0.0001237326785185385,8.620165658977831e-05
/home/a52550/Desktop/datasets/ISIC2017/test/cropped_images//ISIC_0013897,0,0,0.3427714481923077,0.004888319407388347,0.1523402296553077
/home/a52550/Desktop/datasets/ISIC2017/test/cropped_images//ISIC_0013908,1,1,0.11042866338076923,0.38515673,0.0044146203656153845
/home/a52550/Desktop/datasets/ISIC2017/test/cropped_images//ISIC_0013911,0,0,0.3291818613846153,0.045168712873423084,0.12564942282531538
/home/a52550/Desktop/datasets/ISIC2017/test/cropped_images//ISIC_0013917,1,0,0.37766931192307696,0.08707473736763462,0.03525595574732539
/home/a52550/Desktop/datasets/ISIC2017/test/cropped_images//ISIC_0013925,1,2,0.101389396955,0.03810380927651269,0.36050679827307697
/home/a52550/Desktop/datasets/ISIC2017/test/cropped_images//ISIC_0013948,1,1,0.04175871650461538,0.4523030338461539,0.005938246135153846
/home/a52550/Desktop/datasets/ISIC2017/test/cropped_images//ISIC_0013953,1,1,0.10718805179230771,0.2571847337307692,0.13562721382307694
/home/a52550/Desktop/datasets/ISIC2017/test/cropped_images//ISIC_0013966,0,2,0.1514892409807692,0.004138019988534615,0.34437274010384616
/home/a52550/Desktop/datasets/ISIC2017/test/cropped_images//ISIC_0013977,2,2,0.05202728141538461,0.00016856969042076923,0.4478041507692308
/home/a52550/Desktop/datasets/ISIC2017/test/cropped_images//ISIC_0013987,1,1,0.09026348749038463,0.3919576896153846,0.017778827408353848
/home/a52550/Desktop/datasets/ISIC2017/test/cropped_images//ISIC_0013988,1,1,0.025805259850769226,0.46093715,0.01325758667079731
/home/a52550/Desktop/datasets/ISIC2017/test/cropped_images//ISIC_0013998,0,0,0.4681459115384615,0.011291398282019234,0.020562690787147304
/home/a52550/Desktop/datasets/ISIC2017/test/cropped_images//ISIC_0014006,2,2,0.0015614432201923076,0.00894198529040577,0.4894965703846153
/home/a52550/Desktop/datasets/ISIC2017/test/cropped_images//ISIC_0014027,1,0,0.35532388391923075,0.05353608497206923,0.09114003684961539
/home/a52550/Desktop/datasets/ISIC2017/test/cropped_images//ISIC_0014059,1,0,0.4953794942307692,0.004599748840586154,2.0758402255680764e-05
/home/a52550/Desktop/datasets/ISIC2017/test/cropped_images//ISIC_0014077,1,1,0.07104965070230769,0.4250220365384615,0.003928315937046154
/home/a52550/Desktop/datasets/ISIC2017/test/cropped_images//ISIC_0014090,0,0,0.49942284230769235,0.0004749504286942143,0.00010221280350765383
/home/a52550/Desktop/datasets/ISIC2017/test/cropped_images//ISIC_0014103,1,1,0.230538857525,0.2667814051565385,0.002679744673208077
/home/a52550/Desktop/datasets/ISIC2017/test/cropped_images//ISIC_0014110,1,0,0.4049352160384615,0.09464994481743463,0.0004148387439938462
/home/a52550/Desktop/datasets/ISIC2017/test/cropped_images//ISIC_0014117,0,0,0.4997874473076923,0.00014058488306802712,7.195617221944834e-05
/home/a52550/Desktop/datasets/ISIC2017/test/cropped_images//ISIC_0014129,1,1,0.015103449339269232,0.4847842473076923,0.00011230856383846157
/home/a52550/Desktop/datasets/ISIC2017/test/cropped_images//ISIC_0014148,1,1,0.09011387745307692,0.4023462192307692,0.007539907360790001
/home/a52550/Desktop/datasets/ISIC2017/test/cropped_images//ISIC_0014160,1,1,0.13974150101807695,0.35943541644999993,0.0008230947842786539
/home/a52550/Desktop/datasets/ISIC2017/test/cropped_images//ISIC_0014177,2,2,0.028025031398471158,0.0005603546042819618,0.4714146188461538
/home/a52550/Desktop/datasets/ISIC2017/test/cropped_images//ISIC_0014181,1,1,0.0032601610040384615,0.33757918099615386,0.1591606621878346
/home/a52550/Desktop/datasets/ISIC2017/test/cropped_images//ISIC_0014186,1,2,0.03215242746099999,0.04637539192433135,0.42147217384615376
/home/a52550/Desktop/datasets/ISIC2017/test/cropped_images//ISIC_0014219,1,1,0.09156325826000002,0.3628563506215384,0.04558039006262308
/home/a52550/Desktop/datasets/ISIC2017/test/cropped_images//ISIC_0014221,1,1,0.07478250234576923,0.42487584153846153,0.00034166396902775
/home/a52550/Desktop/datasets/ISIC2017/test/cropped_images//ISIC_0014233,1,1,0.03445347806251154,0.25758055939999996,0.20796596329884615
/home/a52550/Desktop/datasets/ISIC2017/test/cropped_images//ISIC_0014251,2,2,0.0015470496092963063,0.001902173070090502,0.49655077000000003
/home/a52550/Desktop/datasets/ISIC2017/test/cropped_images//ISIC_0014255,1,1,0.14620520487692307,0.3171259745384616,0.03666881263846154
/home/a52550/Desktop/datasets/ISIC2017/test/cropped_images//ISIC_0014270,1,0,0.3242260045769231,0.17319753936246154,0.0025764497383461535
/home/a52550/Desktop/datasets/ISIC2017/test/cropped_images//ISIC_0014278,2,2,0.06534920615823077,0.00011231883642219231,0.4345384826923076
/home/a52550/Desktop/datasets/ISIC2017/test/cropped_images//ISIC_0014284,1,0,0.3580675519230769,0.1307203912628846,0.011212050322284617
/home/a52550/Desktop/datasets/ISIC2017/test/cropped_images//ISIC_0014288,1,0,0.48293096461538454,0.016621300272115384,0.0004477401752884615
/home/a52550/Desktop/datasets/ISIC2017/test/cropped_images//ISIC_0014319,1,1,0.10982472236807693,0.38991287938461533,0.00026240764188461543
/home/a52550/Desktop/datasets/ISIC2017/test/cropped_images//ISIC_0014336,1,1,0.0514585519205,0.44277607565384614,0.005765366607302541
/home/a52550/Desktop/datasets/ISIC2017/test/cropped_images//ISIC_0014349,1,1,0.008461382758461538,0.49151664423076924,2.197307548484616e-05
/home/a52550/Desktop/datasets/ISIC2017/test/cropped_images//ISIC_0014369,1,1,0.04032726066330768,0.45950190769230775,0.00017083815435384614
/home/a52550/Desktop/datasets/ISIC2017/test/cropped_images//ISIC_0014386,2,2,0.0032599875274149995,0.0002775899849804769,0.4964624280769231
/home/a52550/Desktop/datasets/ISIC2017/test/cropped_images//ISIC_0014392,2,2,0.08588231020115383,0.09428077859860001,0.31983690819230765
/home/a52550/Desktop/datasets/ISIC2017/test/cropped_images//ISIC_0014409,2,0,0.26598709196153847,0.0007067005807846154,0.23330620642692307
/home/a52550/Desktop/datasets/ISIC2017/test/cropped_images//ISIC_0014419,2,2,0.08934451601615384,0.08235258167207693,0.3283029007961539
/home/a52550/Desktop/datasets/ISIC2017/test/cropped_images//ISIC_0014423,1,0,0.25294981292307694,0.2366688773896154,0.010381309378846156
/home/a52550/Desktop/datasets/ISIC2017/test/cropped_images//ISIC_0014434,1,0,0.2686810315384615,0.045604456110769236,0.1857145077161539
/home/a52550/Desktop/datasets/ISIC2017/test/cropped_images//ISIC_0014454,1,1,0.05923346233461539,0.3691081829999999,0.07165835566468962
/home/a52550/Desktop/datasets/ISIC2017/test/cropped_images//ISIC_0014457,2,0,0.38313779310115387,0.03135476824183658,0.08550744101936038
/home/a52550/Desktop/datasets/ISIC2017/test/cropped_images//ISIC_0014470,0,2,0.005072274621423077,9.978750448326922e-05,0.4948279326923077
/home/a52550/Desktop/datasets/ISIC2017/test/cropped_images//ISIC_0014474,2,2,0.0005226598927888461,0.0001273378155931598,0.4993500011538462
/home/a52550/Desktop/datasets/ISIC2017/test/cropped_images//ISIC_0014478,1,0,0.3333265147423076,0.1628349951983077,0.003838486200172462
/home/a52550/Desktop/datasets/ISIC2017/test/cropped_images//ISIC_0014489,1,0,0.2698924458653846,0.22830414510211539,0.0018034170622923075
/home/a52550/Desktop/datasets/ISIC2017/test/cropped_images//ISIC_0014500,2,2,0.06928879187823075,0.08049518530703846,0.3502160213846154
/home/a52550/Desktop/datasets/ISIC2017/test/cropped_images//ISIC_0014503,2,2,0.0016800318259526917,0.0008783707819188166,0.49744160307692314
/home/a52550/Desktop/datasets/ISIC2017/test/cropped_images//ISIC_0014506,1,1,0.0006853189060730768,0.44643374923076923,0.05288093362464885
/home/a52550/Desktop/datasets/ISIC2017/test/cropped_images//ISIC_0014513,1,0,0.2487506044692308,0.24495443582,0.006294966004269231
/home/a52550/Desktop/datasets/ISIC2017/test/cropped_images//ISIC_0014541,1,1,0.0018885812901923075,0.49809691346153845,1.4502919072930767e-05
/home/a52550/Desktop/datasets/ISIC2017/test/cropped_images//ISIC_0014542,1,1,0.06594415174615384,0.33367795630576924,0.10037789027407693
/home/a52550/Desktop/datasets/ISIC2017/test/cropped_images//ISIC_0014546,1,1,0.03602236497634615,0.459398635,0.004578984526507693
/home/a52550/Desktop/datasets/ISIC2017/test/cropped_images//ISIC_0014548,1,1,0.14796519895561538,0.3464515241730769,0.005583274095411538
/home/a52550/Desktop/datasets/ISIC2017/test/cropped_images//ISIC_0014559,1,1,0.02881204200923077,0.43354381692307686,0.03764413898969231
/home/a52550/Desktop/datasets/ISIC2017/test/cropped_images//ISIC_0014567,2,2,0.00928598036542154,0.0002584461411069702,0.4904555823076923
/home/a52550/Desktop/datasets/ISIC2017/test/cropped_images//ISIC_0014574,2,2,0.026669336572730774,0.00016776952511401926,0.4731629069230769
/home/a52550/Desktop/datasets/ISIC2017/test/cropped_images//ISIC_0014575,2,2,0.0009121672456153848,7.1029484962041e-05,0.49901680884615385
/home/a52550/Desktop/datasets/ISIC2017/test/cropped_images//ISIC_0014586,2,2,0.18528081672273078,0.046019223878538455,0.2686999578769231
/home/a52550/Desktop/datasets/ISIC2017/test/cropped_images//ISIC_0014587,2,2,0.0026814027163076922,0.0001017689008183154,0.49721683384615384
/home/a52550/Desktop/datasets/ISIC2017/test/cropped_images//ISIC_0014588,2,2,0.13296295669384614,0.0014792389694283853,0.36555781796923065
/home/a52550/Desktop/datasets/ISIC2017/test/cropped_images//ISIC_0014590,2,2,0.0526121184875,0.011624269394024,0.4357636111538462
/home/a52550/Desktop/datasets/ISIC2017/test/cropped_images//ISIC_0014600,2,2,0.13973501883076925,0.1007446499186923,0.25952033663588464
/home/a52550/Desktop/datasets/ISIC2017/test/cropped_images//ISIC_0014619,2,2,0.005653887661619229,0.024838909388028838,0.4695072034615384
/home/a52550/Desktop/datasets/ISIC2017/test/cropped_images//ISIC_0014626,2,2,0.0016432600715361539,8.775407607603845e-05,0.4982689815384616
/home/a52550/Desktop/datasets/ISIC2017/test/cropped_images//ISIC_0014627,2,2,6.846308888692308e-05,4.6272791114936845e-05,0.49988525000000006
/home/a52550/Desktop/datasets/ISIC2017/test/cropped_images//ISIC_0014629,2,2,0.0001797154198852115,1.858122733347929e-05,0.4998017015384616
/home/a52550/Desktop/datasets/ISIC2017/test/cropped_images//ISIC_0014631,2,2,0.013791127569615386,0.0003388754712744102,0.4858699869230768
/home/a52550/Desktop/datasets/ISIC2017/test/cropped_images//ISIC_0014634,2,2,0.0001725455660851811,3.483379555587858e-05,0.4997926223076922
/home/a52550/Desktop/datasets/ISIC2017/test/cropped_images//ISIC_0014643,2,2,0.0007530451132307692,0.0005057531691170385,0.49874121153846157
/home/a52550/Desktop/datasets/ISIC2017/test/cropped_images//ISIC_0014644,2,2,0.020376243753214042,0.0009159429081730234,0.47870781846153854
/home/a52550/Desktop/datasets/ISIC2017/test/cropped_images//ISIC_0014645,2,2,0.0002315676014233077,0.0005490108408005692,0.4992194230769232
/home/a52550/Desktop/datasets/ISIC2017/test/cropped_images//ISIC_0014647,2,2,0.15751203205576925,0.003472243912061154,0.3390157216330769
/home/a52550/Desktop/datasets/ISIC2017/test/cropped_images//ISIC_0014648,2,2,0.0009873914699933613,5.259175566114557e-05,0.49896003461538463
/home/a52550/Desktop/datasets/ISIC2017/test/cropped_images//ISIC_0014649,2,2,0.0005072190046846154,7.410509818384618e-06,0.4994853623076923
/home/a52550/Desktop/datasets/ISIC2017/test/cropped_images//ISIC_0014652,2,2,0.07899988542076922,0.010207116585192308,0.4107929913461538
/home/a52550/Desktop/datasets/ISIC2017/test/cropped_images//ISIC_0014653,2,2,0.001688297460734615,6.324462258014539e-05,0.4982484492307692
/home/a52550/Desktop/datasets/ISIC2017/test/cropped_images//ISIC_0014663,1,1,0.03254763099461539,0.3241719178846154,0.1432804439046154
/home/a52550/Desktop/datasets/ISIC2017/test/cropped_images//ISIC_0014666,1,1,0.011074086381230768,0.2695980603881808,0.21932785248515388
/home/a52550/Desktop/datasets/ISIC2017/test/cropped_images//ISIC_0014675,0,0,0.49027657153846155,0.009659263823965387,6.416183594076924e-05
/home/a52550/Desktop/datasets/ISIC2017/test/cropped_images//ISIC_0014677,0,0,0.3473198362307692,0.11589870276085384,0.03678146839520769
/home/a52550/Desktop/datasets/ISIC2017/test/cropped_images//ISIC_0014687,0,0,0.4302349591057692,0.06467895762268762,0.005086087772740924
/home/a52550/Desktop/datasets/ISIC2017/test/cropped_images//ISIC_0014693,0,1,0.2123091420615385,0.23977570200384615,0.047915156609615386
/home/a52550/Desktop/datasets/ISIC2017/test/cropped_images//ISIC_0014695,1,0,0.20624541021923076,0.08889768049257693,0.2048569132692308
/home/a52550/Desktop/datasets/ISIC2017/test/cropped_images//ISIC_0014697,0,2,0.24600747063692305,0.0034689274427653852,0.25052360976050003
/home/a52550/Desktop/datasets/ISIC2017/test/cropped_images//ISIC_0014698,0,0,0.4754760211538462,0.00038028243469443313,0.024143702702260128
/home/a52550/Desktop/datasets/ISIC2017/test/cropped_images//ISIC_0014703,1,1,0.05813165288076923,0.30606020038892306,0.13580814811423078
/home/a52550/Desktop/datasets/ISIC2017/test/cropped_images//ISIC_0014720,0,0,0.38292747956538464,0.11653908971538461,0.0005334188758377423
/home/a52550/Desktop/datasets/ISIC2017/test/cropped_images//ISIC_0014725,0,0,0.41645763115384615,0.08255941766968461,0.0009829626262203846
/home/a52550/Desktop/datasets/ISIC2017/test/cropped_images//ISIC_0014727,1,2,0.11757908101923074,0.19075924277846154,0.19166168282384616
/home/a52550/Desktop/datasets/ISIC2017/test/cropped_images//ISIC_0014728,0,0,0.49312125923076927,0.004093605206191154,0.002785126624757692
/home/a52550/Desktop/datasets/ISIC2017/test/cropped_images//ISIC_0014729,0,0,0.29649990046153846,0.11977946334696155,0.0837206295846154
/home/a52550/Desktop/datasets/ISIC2017/test/cropped_images//ISIC_0014740,0,0,0.2090973700076923,0.13063699065692308,0.16026563574380767
/home/a52550/Desktop/datasets/ISIC2017/test/cropped_images//ISIC_0014743,0,0,0.4959981296153846,0.0036491228726688463,0.0003527523498648539
/home/a52550/Desktop/datasets/ISIC2017/test/cropped_images//ISIC_0014746,0,0,0.4705064088461538,0.021776706739076925,0.007716876029615386
/home/a52550/Desktop/datasets/ISIC2017/test/cropped_images//ISIC_0014749,0,0,0.3798629442307692,0.11769352103815386,0.002443530779884615
/home/a52550/Desktop/datasets/ISIC2017/test/cropped_images//ISIC_0014753,0,0,0.38797950999999997,0.08070342050615385,0.03131707378836539
/home/a52550/Desktop/datasets/ISIC2017/test/cropped_images//ISIC_0014755,0,0,0.34248357228501636,0.15665594694699997,0.0008604805029955824
/home/a52550/Desktop/datasets/ISIC2017/test/cropped_images//ISIC_0014765,0,0,0.4986261619230769,0.0005953424224228269,0.0007785053908998102
/home/a52550/Desktop/datasets/ISIC2017/test/cropped_images//ISIC_0014766,1,2,0.16180966870961538,0.13051484545935385,0.20767549006419234
/home/a52550/Desktop/datasets/ISIC2017/test/cropped_images//ISIC_0014768,0,0,0.4997936926923077,0.00015812579018107694,4.818616895115338e-05
/home/a52550/Desktop/datasets/ISIC2017/test/cropped_images//ISIC_0014772,1,1,0.11737968229230769,0.234522907955,0.14809740692776924
/home/a52550/Desktop/datasets/ISIC2017/test/cropped_images//ISIC_0014773,0,0,0.48175413115384613,0.01792861954772258,0.00031726300359267035
/home/a52550/Desktop/datasets/ISIC2017/test/cropped_images//ISIC_0014780,0,0,0.49179782076923073,0.006733738715643848,0.0014684437824906346
/home/a52550/Desktop/datasets/ISIC2017/test/cropped_images//ISIC_0014784,1,2,0.11338448993461539,0.1764837796701538,0.21013172135476926
/home/a52550/Desktop/datasets/ISIC2017/test/cropped_images//ISIC_0014786,0,1,0.05779930379538463,0.3667873984730769,0.07541329962285769
/home/a52550/Desktop/datasets/ISIC2017/test/cropped_images//ISIC_0014787,0,0,0.3330333496461539,0.12097059819053847,0.04599605163561538
/home/a52550/Desktop/datasets/ISIC2017/test/cropped_images//ISIC_0014790,1,0,0.18987000215384614,0.18225463810769232,0.12787535342153847
/home/a52550/Desktop/datasets/ISIC2017/test/cropped_images//ISIC_0014792,0,0,0.296309977623077,0.006943595327573077,0.1967464225134616
/home/a52550/Desktop/datasets/ISIC2017/test/cropped_images//ISIC_0014796,0,0,0.4741017711538461,0.001234201293423077,0.02466403359404231
/home/a52550/Desktop/datasets/ISIC2017/test/cropped_images//ISIC_0014798,0,0,0.4607996715384615,0.03811808854455577,0.0010822353709097306
/home/a52550/Desktop/datasets/ISIC2017/test/cropped_images//ISIC_0014800,1,1,0.10701778500653848,0.39285485757692307,0.00012735432463846155
/home/a52550/Desktop/datasets/ISIC2017/test/cropped_images//ISIC_0014807,0,0,0.334615559076923,0.16073378081903844,0.004650653769153847
/home/a52550/Desktop/datasets/ISIC2017/test/cropped_images//ISIC_0014814,0,0,0.4947784538461538,0.004097587146170845,0.0011239537903805598
/home/a52550/Desktop/datasets/ISIC2017/test/cropped_images//ISIC_0014815,0,0,0.3762200546153845,0.12341875735384616,0.00036119203926538465
/home/a52550/Desktop/datasets/ISIC2017/test/cropped_images//ISIC_0014820,0,0,0.4389064136923077,0.002384457039690384,0.05870912755223047
/home/a52550/Desktop/datasets/ISIC2017/test/cropped_images//ISIC_0014822,0,0,0.4691839580769231,0.030019218416646808,0.0007968192797306923
/home/a52550/Desktop/datasets/ISIC2017/test/cropped_images//ISIC_0014826,1,1,0.2085284134855769,0.291146347076923,0.00032524916570553843
/home/a52550/Desktop/datasets/ISIC2017/test/cropped_images//ISIC_0014833,0,1,0.07618237349461537,0.2468357785269231,0.17698184708676923
/home/a52550/Desktop/datasets/ISIC2017/test/cropped_images//ISIC_0014835,0,0,0.41477850730769233,0.08315013789358845,0.002071353463560538
/home/a52550/Desktop/datasets/ISIC2017/test/cropped_images//ISIC_0014844,0,0,0.46693425538461536,0.03231129319589881,0.0007544539075074615
/home/a52550/Desktop/datasets/ISIC2017/test/cropped_images//ISIC_0014853,0,0,0.4958329557692307,0.0038353460060134613,0.0003316912432032079
/home/a52550/Desktop/datasets/ISIC2017/test/cropped_images//ISIC_0014854,0,0,0.4236998961538462,0.07581808647875653,0.00048201855560203846
/home/a52550/Desktop/datasets/ISIC2017/test/cropped_images//ISIC_0014862,1,0,0.4173740057692308,0.08222378914071155,0.0004022115891436538
/home/a52550/Desktop/datasets/ISIC2017/test/cropped_images//ISIC_0014863,0,0,0.38764152796153845,0.11198113979334617,0.00037732696015769243
/home/a52550/Desktop/datasets/ISIC2017/test/cropped_images//ISIC_0014867,0,0,0.3622315835769231,0.028472963081696154,0.10929545193424114
/home/a52550/Desktop/datasets/ISIC2017/test/cropped_images//ISIC_0014868,0,0,0.47269670615384624,0.016628244760078844,0.010675032977700004
/home/a52550/Desktop/datasets/ISIC2017/test/cropped_images//ISIC_0014872,1,2,0.03148924110769231,0.2227749083289231,0.24573585853846153
/home/a52550/Desktop/datasets/ISIC2017/test/cropped_images//ISIC_0014876,0,0,0.45223014500000003,0.015284726954615387,0.032485135425407693
/home/a52550/Desktop/datasets/ISIC2017/test/cropped_images//ISIC_0014879,0,0,0.4973551373076924,0.0003886180103249769,0.0022562448961472876
/home/a52550/Desktop/datasets/ISIC2017/test/cropped_images//ISIC_0014883,1,0,0.313655503076923,0.18239231345769233,0.003952164892384615
/home/a52550/Desktop/datasets/ISIC2017/test/cropped_images//ISIC_0014901,0,0,0.4998370796153847,4.07409971295e-05,0.0001221740836285216
/home/a52550/Desktop/datasets/ISIC2017/test/cropped_images//ISIC_0014907,0,0,0.4532543969230769,0.0036958171498615387,0.043049783172942294
/home/a52550/Desktop/datasets/ISIC2017/test/cropped_images//ISIC_0014910,0,0,0.36373108811538457,0.13434151582523077,0.0019274063064173078
/home/a52550/Desktop/datasets/ISIC2017/test/cropped_images//ISIC_0014912,1,1,0.0125218913405,0.4831346380769231,0.004343468687307694
/home/a52550/Desktop/datasets/ISIC2017/test/cropped_images//ISIC_0014921,0,0,0.4999384707692308,1.9469910946884612e-05,4.207043079863911e-05
/home/a52550/Desktop/datasets/ISIC2017/test/cropped_images//ISIC_0014927,0,0,0.4934438457692308,0.00621055463836,0.00034560907491782686
/home/a52550/Desktop/datasets/ISIC2017/test/cropped_images//ISIC_0014928,1,0,0.49802829230769236,0.0018919999894853846,7.971472605747383e-05
/home/a52550/Desktop/datasets/ISIC2017/test/cropped_images//ISIC_0014932,1,0,0.27985753432692306,0.19047516013423077,0.029667298844115383
/home/a52550/Desktop/datasets/ISIC2017/test/cropped_images//ISIC_0014936,0,0,0.49712645769230773,0.00258403652082,0.0002894976197910154
/home/a52550/Desktop/datasets/ISIC2017/test/cropped_images//ISIC_0014938,0,0,0.3076544617855259,0.19222117868412075,0.0001243544699136231
/home/a52550/Desktop/datasets/ISIC2017/test/cropped_images//ISIC_0014940,0,0,0.46334028692307694,0.036567673010355156,9.202701628784616e-05
/home/a52550/Desktop/datasets/ISIC2017/test/cropped_images//ISIC_0014941,0,0,0.49925218730769233,0.0007145491897169232,3.326979669971946e-05
/home/a52550/Desktop/datasets/ISIC2017/test/cropped_images//ISIC_0014942,0,0,0.49950168269230777,0.00023481122316996764,0.00026350849237314705
/home/a52550/Desktop/datasets/ISIC2017/test/cropped_images//ISIC_0014943,0,1,0.23133378484670933,0.26800542996,0.0006607827308692309
/home/a52550/Desktop/datasets/ISIC2017/test/cropped_images//ISIC_0014944,0,0,0.45211985349999995,0.046986891325923076,0.0008932464275961539
/home/a52550/Desktop/datasets/ISIC2017/test/cropped_images//ISIC_0014947,0,0,0.38560326617315,0.11399719982948077,0.0003995279589347461
/home/a52550/Desktop/datasets/ISIC2017/test/cropped_images//ISIC_0014948,0,1,0.1824506549630769,0.3165751604615385,0.000974175150580846
/home/a52550/Desktop/datasets/ISIC2017/test/cropped_images//ISIC_0014949,0,0,0.49990960346153845,6.493707863316955e-05,2.5459806403876503e-05
/home/a52550/Desktop/datasets/ISIC2017/test/cropped_images//ISIC_0014952,0,0,0.4784588738461539,0.021381105207579226,0.0001600330459031346
/home/a52550/Desktop/datasets/ISIC2017/test/cropped_images//ISIC_0014955,0,0,0.3530395393340715,0.14445797204494618,0.0025024799453554234
/home/a52550/Desktop/datasets/ISIC2017/test/cropped_images//ISIC_0014956,0,0,0.33017333511538466,0.08053105653585847,0.08929560861079706
/home/a52550/Desktop/datasets/ISIC2017/test/cropped_images//ISIC_0014957,0,0,0.4996400523076923,0.0002565353244273938,0.00010341722205996158
/home/a52550/Desktop/datasets/ISIC2017/test/cropped_images//ISIC_0014958,0,0,0.37095036681192306,0.07750125376538461,0.05154836699693846
/home/a52550/Desktop/datasets/ISIC2017/test/cropped_images//ISIC_0014959,0,0,0.4994931892307693,0.0003893850696006923,0.00011741917877861523
/home/a52550/Desktop/datasets/ISIC2017/test/cropped_images//ISIC_0014961,0,0,0.34433258853846155,0.15555044828742307,0.00011697233951923075
/home/a52550/Desktop/datasets/ISIC2017/test/cropped_images//ISIC_0014962,0,0,0.3574885520769231,0.14176348590884613,0.0007479663178707695
/home/a52550/Desktop/datasets/ISIC2017/test/cropped_images//ISIC_0014963,1,1,0.13562718967384615,0.3461295672673232,0.01824323943126923
/home/a52550/Desktop/datasets/ISIC2017/test/cropped_images//ISIC_0014964,0,0,0.49847105961538457,0.001228256753005,0.00030067860200836923
/home/a52550/Desktop/datasets/ISIC2017/test/cropped_images//ISIC_0014966,0,0,0.39675861038461535,0.08635627755758463,0.016885101209961537
/home/a52550/Desktop/datasets/ISIC2017/test/cropped_images//ISIC_0014968,0,0,0.2691133142230769,0.12854880344230768,0.10233787672376919
/home/a52550/Desktop/datasets/ISIC2017/test/cropped_images//ISIC_0014969,0,0,0.33021597352307686,0.15242757516923075,0.017356453105576923
/home/a52550/Desktop/datasets/ISIC2017/test/cropped_images//ISIC_0014973,0,0,0.4377494519230769,0.04423035811593461,0.018020198971846153
/home/a52550/Desktop/datasets/ISIC2017/test/cropped_images//ISIC_0014974,0,0,0.32050781538461537,0.049907712930384616,0.12958446886153846
/home/a52550/Desktop/datasets/ISIC2017/test/cropped_images//ISIC_0014977,0,0,0.49760244423076927,0.0012635240537307692,0.0011340324346258846
/home/a52550/Desktop/datasets/ISIC2017/test/cropped_images//ISIC_0014982,1,1,0.2434445826923077,0.2539886310846154,0.002566789842956538
/home/a52550/Desktop/datasets/ISIC2017/test/cropped_images//ISIC_0014992,0,0,0.4993932796153846,0.0004047158278190155,0.0002020103961736804
/home/a52550/Desktop/datasets/ISIC2017/test/cropped_images//ISIC_0014994,0,0,0.4866133692307692,0.012159064840562308,0.0012275722490788462
/home/a52550/Desktop/datasets/ISIC2017/test/cropped_images//ISIC_0014998,0,0,0.3986660321923077,0.09253134270715384,0.00880261864846154
/home/a52550/Desktop/datasets/ISIC2017/test/cropped_images//ISIC_0015002,0,0,0.3526068996038462,0.045112338256674614,0.10228076097005386
/home/a52550/Desktop/datasets/ISIC2017/test/cropped_images//ISIC_0015003,0,0,0.3736948461538461,0.11543008655749999,0.010875070407384616
/home/a52550/Desktop/datasets/ISIC2017/test/cropped_images//ISIC_0015004,1,1,0.04919238840653846,0.4389791542307692,0.011828462737038461
/home/a52550/Desktop/datasets/ISIC2017/test/cropped_images//ISIC_0015007,0,0,0.4217484838461539,0.0012876374847307693,0.07696388049153846
/home/a52550/Desktop/datasets/ISIC2017/test/cropped_images//ISIC_0015008,0,0,0.24931574330769227,0.007739239810923077,0.24294500942307692
/home/a52550/Desktop/datasets/ISIC2017/test/cropped_images//ISIC_0015009,0,2,0.17518816388461536,0.11141674385000001,0.21339510199999998
/home/a52550/Desktop/datasets/ISIC2017/test/cropped_images//ISIC_0015011,0,0,0.2515919945384615,0.12291176778,0.1254962373703846
/home/a52550/Desktop/datasets/ISIC2017/test/cropped_images//ISIC_0015013,0,0,0.2716134612961538,0.11652865399230768,0.11185787925384617
/home/a52550/Desktop/datasets/ISIC2017/test/cropped_images//ISIC_0015015,0,0,0.4451961973076922,0.05380550451365385,0.0009982822539933464
/home/a52550/Desktop/datasets/ISIC2017/test/cropped_images//ISIC_0015016,0,0,0.49100749923076914,0.0062209622811085375,0.002771535592953846
/home/a52550/Desktop/datasets/ISIC2017/test/cropped_images//ISIC_0015018,0,0,0.4368855746153847,0.03925139339723331,0.02386304238137457
/home/a52550/Desktop/datasets/ISIC2017/test/cropped_images//ISIC_0015019,0,0,0.23767623534615384,0.19495302755857694,0.06737072437917309
/home/a52550/Desktop/datasets/ISIC2017/test/cropped_images//ISIC_0015020,0,0,0.3175123388461538,0.17980998932646156,0.0026776790057865384
/home/a52550/Desktop/datasets/ISIC2017/test/cropped_images//ISIC_0015021,0,0,0.4721276019230769,0.008768435025501153,0.019103958138307696
/home/a52550/Desktop/datasets/ISIC2017/test/cropped_images//ISIC_0015023,0,0,0.44693050653846156,0.020424623547769232,0.032644882152965383
/home/a52550/Desktop/datasets/ISIC2017/test/cropped_images//ISIC_0015026,0,0,0.37202027657692305,0.004116315777961539,0.12386340121385671
/home/a52550/Desktop/datasets/ISIC2017/test/cropped_images//ISIC_0015030,0,0,0.49059025307692306,0.0004462684427292308,0.008963487057846076
/home/a52550/Desktop/datasets/ISIC2017/test/cropped_images//ISIC_0015031,0,2,0.02654552823554446,0.0351043211030611,0.4383501530769231
/home/a52550/Desktop/datasets/ISIC2017/test/cropped_images//ISIC_0015034,0,0,0.4960774830769231,0.001772012715942308,0.0021505066709923805
/home/a52550/Desktop/datasets/ISIC2017/test/cropped_images//ISIC_0015035,0,0,0.2693646355769231,0.13120088237076924,0.09943448797038462
/home/a52550/Desktop/datasets/ISIC2017/test/cropped_images//ISIC_0015037,0,0,0.4196827961538462,0.03478518586490769,0.04553202236730769
/home/a52550/Desktop/datasets/ISIC2017/test/cropped_images//ISIC_0015040,0,0,0.4583428871653846,0.00046119494330000007,0.04119591354307693
/home/a52550/Desktop/datasets/ISIC2017/test/cropped_images//ISIC_0015041,1,0,0.42502320899999996,0.07051259143603993,0.00446421060437652
/home/a52550/Desktop/datasets/ISIC2017/test/cropped_images//ISIC_0015046,1,1,0.23460484192307693,0.23890906909523077,0.02648609202180769
/home/a52550/Desktop/datasets/ISIC2017/test/cropped_images//ISIC_0015050,1,1,0.06641168225692308,0.3141471808615384,0.11944113570230769
/home/a52550/Desktop/datasets/ISIC2017/test/cropped_images//ISIC_0015051,0,0,0.4411959584615385,0.05840668037144843,0.0003973594331122476
/home/a52550/Desktop/datasets/ISIC2017/test/cropped_images//ISIC_0015056,0,1,0.13335591200000002,0.2985255433076923,0.06811853389115384
/home/a52550/Desktop/datasets/ISIC2017/test/cropped_images//ISIC_0015057,0,0,0.2658568060769231,0.19568788571153845,0.03845531262
/home/a52550/Desktop/datasets/ISIC2017/test/cropped_images//ISIC_0015060,0,0,0.49220155846153857,0.005724243539917181,0.0020741884081369698
/home/a52550/Desktop/datasets/ISIC2017/test/cropped_images//ISIC_0015064,0,1,0.22472167196153844,0.2563768248076923,0.01890149086653846
/home/a52550/Desktop/datasets/ISIC2017/test/cropped_images//ISIC_0015071,1,1,0.014688129406615387,0.4818801811538461,0.003431687960115384
/home/a52550/Desktop/datasets/ISIC2017/test/cropped_images//ISIC_0015078,0,0,0.2958713255,0.03848245535846154,0.16564622190230768
/home/a52550/Desktop/datasets/ISIC2017/test/cropped_images//ISIC_0015089,0,0,0.48474657884615385,0.01409604416076346,0.0011573831758103848
/home/a52550/Desktop/datasets/ISIC2017/test/cropped_images//ISIC_0015102,0,0,0.347035232423077,0.12976394695384613,0.023200820806423075
/home/a52550/Desktop/datasets/ISIC2017/test/cropped_images//ISIC_0015115,1,1,0.07777857427384616,0.4218369049834615,0.00038453051878307683
/home/a52550/Desktop/datasets/ISIC2017/test/cropped_images//ISIC_0015118,0,0,0.43914000499999994,0.04605160136846154,0.01480839139196154
/home/a52550/Desktop/datasets/ISIC2017/test/cropped_images//ISIC_0015119,1,1,0.13378058945,0.32135856936923085,0.04486083841096154
/home/a52550/Desktop/datasets/ISIC2017/test/cropped_images//ISIC_0015125,0,0,0.46127423608884627,0.038707693694320915,1.8065910215038775e-05
/home/a52550/Desktop/datasets/ISIC2017/test/cropped_images//ISIC_0015127,1,1,0.20226377588192304,0.29769921280769235,3.700698051288077e-05
/home/a52550/Desktop/datasets/ISIC2017/test/cropped_images//ISIC_0015129,0,0,0.3602060692307693,0.06845538115192308,0.07133855164165384
/home/a52550/Desktop/datasets/ISIC2017/test/cropped_images//ISIC_0015130,0,0,0.4377737324076923,0.04995348466373077,0.01227279483125769
/home/a52550/Desktop/datasets/ISIC2017/test/cropped_images//ISIC_0015132,1,1,0.09149128841315385,0.4016812883269231,0.00682741288223077
/home/a52550/Desktop/datasets/ISIC2017/test/cropped_images//ISIC_0015133,1,1,0.11569248643576925,0.36406363176923084,0.020243879678346153
/home/a52550/Desktop/datasets/ISIC2017/test/cropped_images//ISIC_0015136,1,0,0.26380099828461545,0.23529408661538462,0.0009049143590192308
/home/a52550/Desktop/datasets/ISIC2017/test/cropped_images//ISIC_0015139,0,0,0.3851116334558134,0.11467486357476632,0.0002135068726690853
/home/a52550/Desktop/datasets/ISIC2017/test/cropped_images//ISIC_0015140,0,0,0.38652469500000003,0.11161875048449997,0.0018565470432076923
/home/a52550/Desktop/datasets/ISIC2017/test/cropped_images//ISIC_0015142,1,1,0.07713098002069231,0.42180145999999996,0.001067556836895577
/home/a52550/Desktop/datasets/ISIC2017/test/cropped_images//ISIC_0015146,0,0,0.4241345125384616,0.03912501706927588,0.036740462601928515
/home/a52550/Desktop/datasets/ISIC2017/test/cropped_images//ISIC_0015149,0,0,0.2843016426923077,0.0667420411076923,0.14895631615
/home/a52550/Desktop/datasets/ISIC2017/test/cropped_images//ISIC_0015150,0,0,0.35232123807692306,0.062028000152596144,0.08565076446134615
/home/a52550/Desktop/datasets/ISIC2017/test/cropped_images//ISIC_0015152,0,0,0.4151000057692308,0.024252540953923082,0.06064744430240385
/home/a52550/Desktop/datasets/ISIC2017/test/cropped_images//ISIC_0015155,0,0,0.4143016006923077,0.00011865007658346153,0.08557974406576924
/home/a52550/Desktop/datasets/ISIC2017/test/cropped_images//ISIC_0015156,1,1,0.1063853513673077,0.36287650753076917,0.030738142399999998
/home/a52550/Desktop/datasets/ISIC2017/test/cropped_images//ISIC_0015157,0,0,0.48777184115384614,0.010094422917696771,0.002133738202724231
/home/a52550/Desktop/datasets/ISIC2017/test/cropped_images//ISIC_0015160,0,0,0.2565880829434616,0.0005840479815908846,0.2428278653918846
/home/a52550/Desktop/datasets/ISIC2017/test/cropped_images//ISIC_0015161,0,0,0.3437125,0.0011271189976923078,0.1551603734840385
/home/a52550/Desktop/datasets/ISIC2017/test/cropped_images//ISIC_0015163,1,1,0.1669179735269231,0.3296288708115385,0.0034531460077846152
/home/a52550/Desktop/datasets/ISIC2017/test/cropped_images//ISIC_0015167,1,2,0.02036679219423077,0.2316634689769231,0.24796975001153843
/home/a52550/Desktop/datasets/ISIC2017/test/cropped_images//ISIC_0015171,0,0,0.2710906931923077,0.13492644473076923,0.09398286005384617
/home/a52550/Desktop/datasets/ISIC2017/test/cropped_images//ISIC_0015173,0,0,0.4197650672307693,0.07314182803205346,0.007093108947076731
/home/a52550/Desktop/datasets/ISIC2017/test/cropped_images//ISIC_0015174,0,0,0.4542970688461538,0.04512651619230769,0.0005764196373411539
/home/a52550/Desktop/datasets/ISIC2017/test/cropped_images//ISIC_0015175,0,0,0.4960041438461539,0.003941641230089616,5.421475976116538e-05
/home/a52550/Desktop/datasets/ISIC2017/test/cropped_images//ISIC_0015176,0,0,0.41403651476923076,0.08541918958584617,0.0005443002764
/home/a52550/Desktop/datasets/ISIC2017/test/cropped_images//ISIC_0015179,0,0,0.3497692816923077,0.14838721660225002,0.0018435028560923076
/home/a52550/Desktop/datasets/ISIC2017/test/cropped_images//ISIC_0015180,1,2,0.204038206,0.07657710324230771,0.21938469442307693
/home/a52550/Desktop/datasets/ISIC2017/test/cropped_images//ISIC_0015184,0,0,0.4173129734346154,0.041513669418423084,0.041173348707538464
/home/a52550/Desktop/datasets/ISIC2017/test/cropped_images//ISIC_0015185,1,1,0.09171670657692307,0.2183799107538461,0.18990338184615385
/home/a52550/Desktop/datasets/ISIC2017/test/cropped_images//ISIC_0015193,1,0,0.4262250603846155,0.0619389757375,0.011835960570230768
/home/a52550/Desktop/datasets/ISIC2017/test/cropped_images//ISIC_0015201,0,0,0.41028198441153846,0.08962087484107696,9.715269760706155e-05
/home/a52550/Desktop/datasets/ISIC2017/test/cropped_images//ISIC_0015202,0,0,0.49450430923076927,0.005451643350292596,4.405448721920108e-05
/home/a52550/Desktop/datasets/ISIC2017/test/cropped_images//ISIC_0015203,0,1,0.2112371847330769,0.23350904184615384,0.05525377651961538
/home/a52550/Desktop/datasets/ISIC2017/test/cropped_images//ISIC_0015206,1,0,0.2984428988171305,0.20147662990419232,8.046940205377962e-05
/home/a52550/Desktop/datasets/ISIC2017/test/cropped_images//ISIC_0015207,0,0,0.32710283861538464,0.007263870527957692,0.16563329604230773
/home/a52550/Desktop/datasets/ISIC2017/test/cropped_images//ISIC_0015208,0,0,0.45890666153846155,0.0402664175036673,0.0008269263979023076
/home/a52550/Desktop/datasets/ISIC2017/test/cropped_images//ISIC_0015212,0,0,0.49970459653846144,0.0002583023790366706,3.7109086473861065e-05
/home/a52550/Desktop/datasets/ISIC2017/test/cropped_images//ISIC_0015215,0,0,0.49758672846153856,0.002383116631388846,3.0150533915011155e-05
/home/a52550/Desktop/datasets/ISIC2017/test/cropped_images//ISIC_0015216,0,0,0.3357368128846154,0.04299190762384615,0.12127128061923077
/home/a52550/Desktop/datasets/ISIC2017/test/cropped_images//ISIC_0015217,0,0,0.4991025600000001,0.0007969091062038461,0.00010053383049296922
/home/a52550/Desktop/datasets/ISIC2017/test/cropped_images//ISIC_0015218,0,0,0.49953501730769223,0.0003816596818530769,8.332490829963921e-05
/home/a52550/Desktop/datasets/ISIC2017/test/cropped_images//ISIC_0015223,0,0,0.4492276830769231,0.04514735786896153,0.0056249572403899994
/home/a52550/Desktop/datasets/ISIC2017/test/cropped_images//ISIC_0015224,0,0,0.40770324230769234,0.042242408930769235,0.05005434806992307
/home/a52550/Desktop/datasets/ISIC2017/test/cropped_images//ISIC_0015226,0,0,0.430441875,0.06661658575758077,0.0029415390367734653
/home/a52550/Desktop/datasets/ISIC2017/test/cropped_images//ISIC_0015229,1,1,0.006886036506538463,0.39151962111538463,0.10159434653738461
/home/a52550/Desktop/datasets/ISIC2017/test/cropped_images//ISIC_0015232,0,0,0.29705928839230766,0.09760217216172308,0.10533853132146155
/home/a52550/Desktop/datasets/ISIC2017/test/cropped_images//ISIC_0015237,0,1,0.08631763149846153,0.36817218071961544,0.04551018754153847
/home/a52550/Desktop/datasets/ISIC2017/test/cropped_images//ISIC_0015241,0,0,0.49981758538461535,0.00016401629749289136,1.840111795730723e-05
/home/a52550/Desktop/datasets/ISIC2017/test/cropped_images//ISIC_0015244,0,0,0.36016909207692305,0.10257316667803845,0.03725774762423077
/home/a52550/Desktop/datasets/ISIC2017/test/cropped_images//ISIC_0015245,0,2,0.057843207952692294,0.0002880533809615384,0.441868736923077
/home/a52550/Desktop/datasets/ISIC2017/test/cropped_images//ISIC_0015250,0,0,0.33833320188461546,0.07454094091992308,0.08712586036665385
/home/a52550/Desktop/datasets/ISIC2017/test/cropped_images//ISIC_0015251,1,0,0.3133671491884616,0.1549233764030769,0.03170947534881538
/home/a52550/Desktop/datasets/ISIC2017/test/cropped_images//ISIC_0015254,0,0,0.48964800961538457,0.008288653080279231,0.002063349403356692
/home/a52550/Desktop/datasets/ISIC2017/test/cropped_images//ISIC_0015255,0,0,0.4525300184615385,0.02090094161689615,0.02656903556826923
/home/a52550/Desktop/datasets/ISIC2017/test/cropped_images//ISIC_0015258,0,0,0.4281777142307692,0.07080132313225826,0.0010209638673933572
/home/a52550/Desktop/datasets/ISIC2017/test/cropped_images//ISIC_0015264,0,0,0.34770851742307685,0.0015573560925384612,0.1507341286301923
/home/a52550/Desktop/datasets/ISIC2017/test/cropped_images//ISIC_0015270,0,0,0.3313118289230769,0.08728185706873845,0.08140631485274229
/home/a52550/Desktop/datasets/ISIC2017/test/cropped_images//ISIC_0015273,0,0,0.4123121017192308,0.03956386254407693,0.04812402976692308
/home/a52550/Desktop/datasets/ISIC2017/test/cropped_images//ISIC_0015274,0,0,0.28537963538461536,0.16189407866679234,0.05272628931020385
/home/a52550/Desktop/datasets/ISIC2017/test/cropped_images//ISIC_0015276,0,0,0.40761547528461534,0.09079999023350001,0.0015845339220082499
/home/a52550/Desktop/datasets/ISIC2017/test/cropped_images//ISIC_0015279,0,0,0.44978957,0.04943238981450963,0.0007780398186272962
/home/a52550/Desktop/datasets/ISIC2017/test/cropped_images//ISIC_0015283,0,0,0.48920819653846154,0.010744934951750499,4.6879661530228054e-05
/home/a52550/Desktop/datasets/ISIC2017/test/cropped_images//ISIC_0015291,0,0,0.4825556461538462,0.004761531558119231,0.01268282298712846
/home/a52550/Desktop/datasets/ISIC2017/test/cropped_images//ISIC_0015293,0,0,0.4839227711538462,0.01512685263003846,0.0009503723740615385
/home/a52550/Desktop/datasets/ISIC2017/test/cropped_images//ISIC_0015298,0,0,0.4651437359615385,0.0347139250333995,0.00014234165123208845
/home/a52550/Desktop/datasets/ISIC2017/test/cropped_images//ISIC_0015309,0,0,0.42263440823076925,0.030006985357289233,0.04735860531902307
/home/a52550/Desktop/datasets/ISIC2017/test/cropped_images//ISIC_0015310,0,0,0.4891634842307692,0.0022550068618461534,0.008581519427507
/home/a52550/Desktop/datasets/ISIC2017/test/cropped_images//ISIC_0015311,0,0,0.475466806923077,0.02273304833340719,0.0018001379134026919
/home/a52550/Desktop/datasets/ISIC2017/test/cropped_images//ISIC_0015312,0,0,0.45157403199999996,0.048251293503023075,0.00017468090145884616
/home/a52550/Desktop/datasets/ISIC2017/test/cropped_images//ISIC_0015330,0,0,0.47041284346153844,0.029456033527115382,0.00013112589015844614
/home/a52550/Desktop/datasets/ISIC2017/test/cropped_images//ISIC_0015331,0,0,0.43571675884615385,0.02636231371895615,0.037920928992423074
/home/a52550/Desktop/datasets/ISIC2017/test/cropped_images//ISIC_0015347,0,0,0.49631257038461535,0.0035927018057692306,9.474251592653847e-05
/home/a52550/Desktop/datasets/ISIC2017/test/cropped_images//ISIC_0015353,0,1,0.22877056119230768,0.23418684480923077,0.037042590233453854
/home/a52550/Desktop/datasets/ISIC2017/test/cropped_images//ISIC_0015355,0,0,0.4534407526923077,0.026135847789230768,0.020423416822461536
/home/a52550/Desktop/datasets/ISIC2017/test/cropped_images//ISIC_0015357,0,0,0.47613679846153845,0.001568553028151154,0.0222946513652423
/home/a52550/Desktop/datasets/ISIC2017/test/cropped_images//ISIC_0015360,0,1,0.15864075112692305,0.34117547389999997,0.00018378506371653848
/home/a52550/Desktop/datasets/ISIC2017/test/cropped_images//ISIC_0015363,0,1,0.09030899815935817,0.2622548193615385,0.1474361885315565
/home/a52550/Desktop/datasets/ISIC2017/test/cropped_images//ISIC_0015364,0,0,0.4474414895769231,0.04608132237196154,0.006477182551538461
/home/a52550/Desktop/datasets/ISIC2017/test/cropped_images//ISIC_0015368,0,0,0.4438487655384615,0.04843094980843077,0.007720288308538461
/home/a52550/Desktop/datasets/ISIC2017/test/cropped_images//ISIC_0015369,0,0,0.46259635230769225,0.0026849790756346154,0.03471867313224615
/home/a52550/Desktop/datasets/ISIC2017/test/cropped_images//ISIC_0015383,0,0,0.49988591346153843,9.426000967924934e-05,1.9826155551686928e-05
/home/a52550/Desktop/datasets/ISIC2017/test/cropped_images//ISIC_0015386,0,1,0.21179983434615385,0.2811245035061538,0.007075661256776921
/home/a52550/Desktop/datasets/ISIC2017/test/cropped_images//ISIC_0015390,0,1,0.10436737657692306,0.3051749245192308,0.0904576858350769
/home/a52550/Desktop/datasets/ISIC2017/test/cropped_images//ISIC_0015395,0,0,0.46575233423076917,0.00030184835718846155,0.03394581933153846
/home/a52550/Desktop/datasets/ISIC2017/test/cropped_images//ISIC_0015403,0,1,0.22472074078846155,0.2518368589488461,0.023442407044230767
/home/a52550/Desktop/datasets/ISIC2017/test/cropped_images//ISIC_0015404,0,0,0.2456817147884615,0.07978978279469999,0.17452850226615388
/home/a52550/Desktop/datasets/ISIC2017/test/cropped_images//ISIC_0015411,0,0,0.49558295423076915,0.004298150694632769,0.00011889431140083809
/home/a52550/Desktop/datasets/ISIC2017/test/cropped_images//ISIC_0015412,0,0,0.45032370403846156,0.005506741731942308,0.04416956594831924
/home/a52550/Desktop/datasets/ISIC2017/test/cropped_images//ISIC_0015416,0,1,0.20914240500000003,0.29046980853846155,0.00038778877325769233
/home/a52550/Desktop/datasets/ISIC2017/test/cropped_images//ISIC_0015417,0,0,0.4487913843846154,0.05102596625813076,0.00018264258314650307
/home/a52550/Desktop/datasets/ISIC2017/test/cropped_images//ISIC_0015418,0,0,0.48886885038461536,0.009160669703960385,0.0019704812960420074
/home/a52550/Desktop/datasets/ISIC2017/test/cropped_images//ISIC_0015419,0,0,0.4450883505115385,0.01010127158565723,0.044810378745317785
/home/a52550/Desktop/datasets/ISIC2017/test/cropped_images//ISIC_0015436,0,0,0.43850899846153835,0.016866713625388847,0.04462427950049615
/home/a52550/Desktop/datasets/ISIC2017/test/cropped_images//ISIC_0015440,0,0,0.49646723730769227,0.0008851104805620767,0.0026476664530335
/home/a52550/Desktop/datasets/ISIC2017/test/cropped_images//ISIC_0015447,0,1,0.07797628530769228,0.28404835548461543,0.13797536270076924
/home/a52550/Desktop/datasets/ISIC2017/test/cropped_images//ISIC_0015455,0,2,0.19037353825153847,0.010577744602711539,0.2990487052384615
/home/a52550/Desktop/datasets/ISIC2017/test/cropped_images//ISIC_0015464,0,0,0.472771835,0.026076971068869227,0.0011511865840665382
/home/a52550/Desktop/datasets/ISIC2017/test/cropped_images//ISIC_0015466,0,1,0.23520564506923086,0.2602738419653846,0.004520508054146154
/home/a52550/Desktop/datasets/ISIC2017/test/cropped_images//ISIC_0015468,0,0,0.4934885723076923,0.00017461307050961535,0.006336801854105771
/home/a52550/Desktop/datasets/ISIC2017/test/cropped_images//ISIC_0015476,0,0,0.49576647153846154,0.00390665329013077,0.0003268747481957939
/home/a52550/Desktop/datasets/ISIC2017/test/cropped_images//ISIC_0015481,0,1,0.23475616484615383,0.23763902982692306,0.027604804148576925
/home/a52550/Desktop/datasets/ISIC2017/test/cropped_images//ISIC_0015482,0,0,0.3839537305,0.04836685812461539,0.06767941879478692
/home/a52550/Desktop/datasets/ISIC2017/test/cropped_images//ISIC_0015485,0,0,0.41554667923076927,0.025420271520024115,0.05903305087487105
/home/a52550/Desktop/datasets/ISIC2017/test/cropped_images//ISIC_0015510,0,0,0.4793416803846154,0.01476106064023077,0.005897248943252308
/home/a52550/Desktop/datasets/ISIC2017/test/cropped_images//ISIC_0015526,0,0,0.49442750653846157,0.0012526709484486193,0.004319807669003754
/home/a52550/Desktop/datasets/ISIC2017/test/cropped_images//ISIC_0015537,0,1,0.20443064211999998,0.22229059480769228,0.07327877032726923
/home/a52550/Desktop/datasets/ISIC2017/test/cropped_images//ISIC_0015544,0,0,0.4906657499999999,0.007735066658742308,0.0015991755904756926
/home/a52550/Desktop/datasets/ISIC2017/test/cropped_images//ISIC_0015559,0,0,0.4004089734307692,0.06231982763233846,0.03727119656213707
/home/a52550/Desktop/datasets/ISIC2017/test/cropped_images//ISIC_0015563,0,0,0.3670530607307692,0.03670419947152027,0.09624272064367614
/home/a52550/Desktop/datasets/ISIC2017/test/cropped_images//ISIC_0015566,0,0,0.42279598528461537,0.07704387856082152,0.00016014623371333661
/home/a52550/Desktop/datasets/ISIC2017/test/cropped_images//ISIC_0015568,0,0,0.4994699153846154,0.00015110603531650772,0.00037897446783802154
/home/a52550/Desktop/datasets/ISIC2017/test/cropped_images//ISIC_0015582,0,0,0.4996228038461539,0.0003035275007876924,7.366950238842307e-05
/home/a52550/Desktop/datasets/ISIC2017/test/cropped_images//ISIC_0015593,0,0,0.37204916923076925,0.027500490385255,0.10045033541028078
/home/a52550/Desktop/datasets/ISIC2017/test/cropped_images//ISIC_0015603,0,0,0.476705336923077,0.022732248703192307,0.0005624196277558885
/home/a52550/Desktop/datasets/ISIC2017/test/cropped_images//ISIC_0015607,0,2,0.04649250634230769,0.11699868851217693,0.3365088007692308
/home/a52550/Desktop/datasets/ISIC2017/test/cropped_images//ISIC_0015614,0,0,0.32872622154223075,0.160635246,0.010638528447923077
/home/a52550/Desktop/datasets/ISIC2017/test/cropped_images//ISIC_0015617,0,0,0.49715532307692306,0.0026831287650492313,0.0001615545928929387
/home/a52550/Desktop/datasets/ISIC2017/test/cropped_images//ISIC_0015625,0,0,0.48952231769230775,0.010199370737588464,0.00027831909579792695
/home/a52550/Desktop/datasets/ISIC2017/test/cropped_images//ISIC_0015631,0,0,0.45137388307692305,0.008659258882461537,0.039966867492538465
/home/a52550/Desktop/datasets/ISIC2017/test/cropped_images//ISIC_0015636,0,0,0.29493673174615387,0.050936046260769245,0.1541272206169231
/home/a52550/Desktop/datasets/ISIC2017/test/cropped_images//ISIC_0015638,0,0,0.4971811719230769,0.002770117003062,4.8713483476207704e-05
/home/a52550/Desktop/datasets/ISIC2017/test/cropped_images//ISIC_0015641,0,0,0.409176431,0.018377987651961535,0.07244557568276924
/home/a52550/Desktop/datasets/ISIC2017/test/cropped_images//ISIC_0015645,0,0,0.461272885,0.03704037897542692,0.0016867218435682309
/home/a52550/Desktop/datasets/ISIC2017/test/cropped_images//ISIC_0015936,0,0,0.41401274500769236,0.0008738517672884615,0.08511339113076924
/home/a52550/Desktop/datasets/ISIC2017/test/cropped_images//ISIC_0015937,0,0,0.49964206846153847,0.00011294758495187081,0.00024498038960603537
/home/a52550/Desktop/datasets/ISIC2017/test/cropped_images//ISIC_0015938,0,0,0.46209063026923075,0.037870992839050585,3.8376326414192306e-05
/home/a52550/Desktop/datasets/ISIC2017/test/cropped_images//ISIC_0015939,0,0,0.415679491,0.08313549016346154,0.0011850041552692306
/home/a52550/Desktop/datasets/ISIC2017/test/cropped_images//ISIC_0015940,0,0,0.4992522811538462,0.00029335680063602085,0.00045436441242164817
/home/a52550/Desktop/datasets/ISIC2017/test/cropped_images//ISIC_0015941,0,0,0.4970564792307692,0.0018533669268238164,0.0010901685296835577
/home/a52550/Desktop/datasets/ISIC2017/test/cropped_images//ISIC_0015942,0,0,0.4995064042307693,0.00033651041558215375,0.00015707715276517688
/home/a52550/Desktop/datasets/ISIC2017/test/cropped_images//ISIC_0015943,0,0,0.49889800846153837,0.0005994632636111539,0.000502530551111154
/home/a52550/Desktop/datasets/ISIC2017/test/cropped_images//ISIC_0015944,0,0,0.412946811923077,0.005051216896261539,0.08200196177538463
/home/a52550/Desktop/datasets/ISIC2017/test/cropped_images//ISIC_0015945,0,0,0.49886221461538466,0.0007190428334988299,0.0004187446030094053
/home/a52550/Desktop/datasets/ISIC2017/test/cropped_images//ISIC_0015946,0,0,0.4935229096153846,0.005210056273974714,0.0012670356055281959
/home/a52550/Desktop/datasets/ISIC2017/test/cropped_images//ISIC_0015947,0,0,0.4953014842307692,0.0033470128348846153,0.0013515086243576922
/home/a52550/Desktop/datasets/ISIC2017/test/cropped_images//ISIC_0015948,0,0,0.4913470961538461,0.0007847025736022961,0.007868210151925334
/home/a52550/Desktop/datasets/ISIC2017/test/cropped_images//ISIC_0015949,0,0,0.49548199576923074,0.0014775156377807692,0.003040484459026154
/home/a52550/Desktop/datasets/ISIC2017/test/cropped_images//ISIC_0015950,0,0,0.49773943653846153,0.0011857530956769229,0.0010748153630839386
/home/a52550/Desktop/datasets/ISIC2017/test/cropped_images//ISIC_0015951,0,0,0.4633337007692307,0.0011839274687482921,0.035482373681551535
/home/a52550/Desktop/datasets/ISIC2017/test/cropped_images//ISIC_0015952,0,0,0.4485511984615385,0.008437055780153848,0.043011749593346665
/home/a52550/Desktop/datasets/ISIC2017/test/cropped_images//ISIC_0015953,0,0,0.3197495025,0.16303303982384615,0.017217460502692305
/home/a52550/Desktop/datasets/ISIC2017/test/cropped_images//ISIC_0015954,0,0,0.4998407323076923,3.4306215213878456e-05,0.00012496562081754081
/home/a52550/Desktop/datasets/ISIC2017/test/cropped_images//ISIC_0015955,0,0,0.25702235703076914,0.03106889832636363,0.21190874575921534
/home/a52550/Desktop/datasets/ISIC2017/test/cropped_images//ISIC_0015956,0,0,0.49750938923076915,0.0024681311137997966,2.2472006565559763e-05
/home/a52550/Desktop/datasets/ISIC2017/test/cropped_images//ISIC_0015957,0,2,0.14531970743846154,0.0004979096493388847,0.35418238030769233
/home/a52550/Desktop/datasets/ISIC2017/test/cropped_images//ISIC_0015958,0,0,0.30793457488461534,0.0048181222681076925,0.18724729807655388
/home/a52550/Desktop/datasets/ISIC2017/test/cropped_images//ISIC_0015959,0,0,0.4307439876923077,0.007219926323116539,0.06203608331526922
/home/a52550/Desktop/datasets/ISIC2017/test/cropped_images//ISIC_0015960,0,0,0.4999270542307693,6.106848640748461e-05,1.1888001479016322e-05
/home/a52550/Desktop/datasets/ISIC2017/test/cropped_images//ISIC_0015961,0,0,0.49252481961538463,0.007338811571796633,0.00013637109770913808
/home/a52550/Desktop/datasets/ISIC2017/test/cropped_images//ISIC_0015962,0,0,0.49982502961538455,0.00010725131813326922,6.772012426814846e-05
/home/a52550/Desktop/datasets/ISIC2017/test/cropped_images//ISIC_0015963,0,0,0.49920227461538463,0.0006050235074832692,0.00019269389734753845
/home/a52550/Desktop/datasets/ISIC2017/test/cropped_images//ISIC_0015964,0,0,0.4997301411538462,0.00019885471692952954,7.09944048465396e-05
/home/a52550/Desktop/datasets/ISIC2017/test/cropped_images//ISIC_0015965,0,0,0.489220775,0.010611736481807695,0.00016749260235184615
/home/a52550/Desktop/datasets/ISIC2017/test/cropped_images//ISIC_0015966,0,0,0.40191066076923077,0.08395491821813847,0.01413441541518846
/home/a52550/Desktop/datasets/ISIC2017/test/cropped_images//ISIC_0015967,0,0,0.41116530461538464,0.01787990056753846,0.07095479490538076
/home/a52550/Desktop/datasets/ISIC2017/test/cropped_images//ISIC_0015968,0,0,0.41897536346153846,0.07549997045819547,0.005524665743013537
/home/a52550/Desktop/datasets/ISIC2017/test/cropped_images//ISIC_0015969,0,0,0.46991396769230764,0.010662972361706297,0.019423071329991375
/home/a52550/Desktop/datasets/ISIC2017/test/cropped_images//ISIC_0015971,0,0,0.49923159692307695,0.00020170609993892634,0.0005666972991465306
/home/a52550/Desktop/datasets/ISIC2017/test/cropped_images//ISIC_0015972,0,0,0.27617285503846156,0.0013899804786847692,0.22243716968153848
/home/a52550/Desktop/datasets/ISIC2017/test/cropped_images//ISIC_0015973,0,0,0.4189061242076923,0.0014939381895882962,0.07959994581647692
/home/a52550/Desktop/datasets/ISIC2017/test/cropped_images//ISIC_0015974,0,0,0.3344582163076923,0.0002993961111706984,0.16524238923730766
/home/a52550/Desktop/datasets/ISIC2017/test/cropped_images//ISIC_0015975,0,0,0.4934880076923077,0.006218792693289157,0.0002931998549967655
/home/a52550/Desktop/datasets/ISIC2017/test/cropped_images//ISIC_0015976,0,0,0.49801192307692305,0.0018856168485961537,0.00010245406541465384
/home/a52550/Desktop/datasets/ISIC2017/test/cropped_images//ISIC_0015978,0,2,0.20794755580923072,0.0006598355464538463,0.2913926144615384
/home/a52550/Desktop/datasets/ISIC2017/test/cropped_images//ISIC_0015979,0,0,0.3298065297115385,0.11171845443807692,0.058475023172060006
/home/a52550/Desktop/datasets/ISIC2017/test/cropped_images//ISIC_0015980,0,0,0.4925269557692307,0.00073923490204555,0.006733809588694847
/home/a52550/Desktop/datasets/ISIC2017/test/cropped_images//ISIC_0015981,0,0,0.466745055,0.03137579265191076,0.0018791537162499998
/home/a52550/Desktop/datasets/ISIC2017/test/cropped_images//ISIC_0015982,0,0,0.49945456307692304,0.00045166850062857686,9.376367840356599e-05
/home/a52550/Desktop/datasets/ISIC2017/test/cropped_images//ISIC_0015983,0,2,0.05878357889603077,0.01229442061359615,0.4289220065384616
/home/a52550/Desktop/datasets/ISIC2017/test/cropped_images//ISIC_0015984,0,0,0.24822653778076925,0.01777136082288261,0.23400209962270077
/home/a52550/Desktop/datasets/ISIC2017/test/cropped_images//ISIC_0015985,0,0,0.499321701923077,0.00048610497861142313,0.00019220107349165384
/home/a52550/Desktop/datasets/ISIC2017/test/cropped_images//ISIC_0015986,0,0,0.4611613173846153,0.00024187832748117304,0.03859679422851154
/home/a52550/Desktop/datasets/ISIC2017/test/cropped_images//ISIC_0015987,0,0,0.4615790889615385,0.0001411217653366423,0.03827978506043615
/home/a52550/Desktop/datasets/ISIC2017/test/cropped_images//ISIC_0015988,0,0,0.4954027211538461,0.003565787552115384,0.0010314981625700384
/home/a52550/Desktop/datasets/ISIC2017/test/cropped_images//ISIC_0015989,0,0,0.43488776192307693,0.029880423555653842,0.03523183416776923
/home/a52550/Desktop/datasets/ISIC2017/test/cropped_images//ISIC_0015990,0,0,0.4995878465384615,0.0003449713987100887,6.71930046305046e-05
/home/a52550/Desktop/datasets/ISIC2017/test/cropped_images//ISIC_0015991,0,0,0.4115120576923077,0.0821740528410654,0.006313888877610385
/home/a52550/Desktop/datasets/ISIC2017/test/cropped_images//ISIC_0015992,0,0,0.4985157699999999,0.0009406038427807691,0.0005436286841239885
/home/a52550/Desktop/datasets/ISIC2017/test/cropped_images//ISIC_0015993,0,0,0.47492706384615385,0.006702468325884616,0.01837046812055446
/home/a52550/Desktop/datasets/ISIC2017/test/cropped_images//ISIC_0015994,0,0,0.4998099388461539,0.0001717113944532557,1.835037794780769e-05
/home/a52550/Desktop/datasets/ISIC2017/test/cropped_images//ISIC_0015995,0,0,0.41727655695,0.0825322408075769,0.00019120461011905767
/home/a52550/Desktop/datasets/ISIC2017/test/cropped_images//ISIC_0015996,0,0,0.4894444315384615,0.005241338941852673,0.005314230736221211
/home/a52550/Desktop/datasets/ISIC2017/test/cropped_images//ISIC_0015997,0,0,0.49781119384615385,0.001958925264788462,0.0002298763481429511
/home/a52550/Desktop/datasets/ISIC2017/test/cropped_images//ISIC_0015998,0,0,0.4591172884615385,0.040264303637769235,0.0006184187672828846
/home/a52550/Desktop/datasets/ISIC2017/test/cropped_images//ISIC_0015999,0,0,0.4993827773076923,0.00019101483687423076,0.000426208758098077
/home/a52550/Desktop/datasets/ISIC2017/test/cropped_images//ISIC_0016000,0,0,0.42892177576923074,0.030600068004038458,0.040478146823664234
/home/a52550/Desktop/datasets/ISIC2017/test/cropped_images//ISIC_0016001,0,2,0.14087375004884614,0.017354898983230768,0.34177135407692305
/home/a52550/Desktop/datasets/ISIC2017/test/cropped_images//ISIC_0016002,0,0,0.49921153846153843,0.0002853124875876923,0.0005031517228187693
/home/a52550/Desktop/datasets/ISIC2017/test/cropped_images//ISIC_0016003,0,0,0.49945464653846156,0.00047308857220192303,7.22721610825253e-05
/home/a52550/Desktop/datasets/ISIC2017/test/cropped_images//ISIC_0016004,0,0,0.3877338553846154,0.10953509638730768,0.0027310475143461537
/home/a52550/Desktop/datasets/ISIC2017/test/cropped_images//ISIC_0016005,0,0,0.49733332807692315,0.0009598583826201151,0.0017068161905402065
/home/a52550/Desktop/datasets/ISIC2017/test/cropped_images//ISIC_0016006,0,0,0.4172817428846154,0.0016409590368907693,0.0810772974031923
/home/a52550/Desktop/datasets/ISIC2017/test/cropped_images//ISIC_0016007,0,0,0.473666945,0.013679152417834616,0.012653901973161538
/home/a52550/Desktop/datasets/ISIC2017/test/cropped_images//ISIC_0016008,0,1,0.18770365296769229,0.22724122077925768,0.08505512899148845
/home/a52550/Desktop/datasets/ISIC2017/test/cropped_images//ISIC_0016009,0,0,0.4138505887665384,0.0003711291910436154,0.0857782795290979
/home/a52550/Desktop/datasets/ISIC2017/test/cropped_images//ISIC_0016011,0,0,0.3787572282423077,0.00021831674180438655,0.12102446061434614
/home/a52550/Desktop/datasets/ISIC2017/test/cropped_images//ISIC_0016012,0,0,0.49974396,0.00018312415412680242,7.29225455461137e-05
/home/a52550/Desktop/datasets/ISIC2017/test/cropped_images//ISIC_0016013,0,0,0.3443200443461538,0.011917412412099272,0.1437625477691654
/home/a52550/Desktop/datasets/ISIC2017/test/cropped_images//ISIC_0016014,0,0,0.469206868076923,0.030598314570237303,0.0001948025551269231
/home/a52550/Desktop/datasets/ISIC2017/test/cropped_images//ISIC_0016015,0,0,0.48173031038461533,0.01790967138952767,0.00036002106274743564
/home/a52550/Desktop/datasets/ISIC2017/test/cropped_images//ISIC_0016016,0,0,0.3237364571538462,0.11339275181599999,0.06287077240981173
/home/a52550/Desktop/datasets/ISIC2017/test/cropped_images//ISIC_0016017,0,0,0.4991123161538461,0.0007078569665115384,0.0001798152813392308
/home/a52550/Desktop/datasets/ISIC2017/test/cropped_images//ISIC_0016018,0,0,0.49986294,0.00011460341668949732,2.2465343557792345e-05
/home/a52550/Desktop/datasets/ISIC2017/test/cropped_images//ISIC_0016019,0,0,0.2795104281346154,0.045877294839785594,0.17461228779738464
/home/a52550/Desktop/datasets/ISIC2017/test/cropped_images//ISIC_0016022,0,0,0.38778525630769234,0.11169196534782692,0.0005227860539038461
/home/a52550/Desktop/datasets/ISIC2017/test/cropped_images//ISIC_0016023,0,2,0.22570741721538462,0.010454072360180767,0.2638385050629231
/home/a52550/Desktop/datasets/ISIC2017/test/cropped_images//ISIC_0016024,0,0,0.296314202923077,0.1692691939238461,0.03441661000057693
/home/a52550/Desktop/datasets/ISIC2017/test/cropped_images//ISIC_0016025,0,0,0.47758012538461553,0.011525325777808284,0.010894554741557424
/home/a52550/Desktop/datasets/ISIC2017/test/cropped_images//ISIC_0016026,0,0,0.4576108084615385,0.01817729010323077,0.024211902656451536
/home/a52550/Desktop/datasets/ISIC2017/test/cropped_images//ISIC_0016027,0,0,0.49350372730769226,0.0005748164865788577,0.005921459541848078
/home/a52550/Desktop/datasets/ISIC2017/test/cropped_images//ISIC_0016028,0,2,0.23662815821769229,0.0006471217042211153,0.2627247202905769
/home/a52550/Desktop/datasets/ISIC2017/test/cropped_images//ISIC_0016029,0,0,0.3157625129230769,0.0786175007526923,0.10561998673230771
/home/a52550/Desktop/datasets/ISIC2017/test/cropped_images//ISIC_0016030,0,0,0.42143553461538463,0.02584699384986539,0.05271746463280769
/home/a52550/Desktop/datasets/ISIC2017/test/cropped_images//ISIC_0016031,0,1,0.23309286363846154,0.2649958752692308,0.0019112522997423076
/home/a52550/Desktop/datasets/ISIC2017/test/cropped_images//ISIC_0016033,0,0,0.22891662218730768,0.2158092713769231,0.055274108519615374
/home/a52550/Desktop/datasets/ISIC2017/test/cropped_images//ISIC_0016034,0,0,0.3026470455384615,0.1818555761846154,0.015497375775576923
/home/a52550/Desktop/datasets/ISIC2017/test/cropped_images//ISIC_0016035,0,2,0.07739515931423074,0.11373612825884614,0.3088687164769231
/home/a52550/Desktop/datasets/ISIC2017/test/cropped_images//ISIC_0016036,0,1,0.0785245356076923,0.24980579200000003,0.1716696714130769
/home/a52550/Desktop/datasets/ISIC2017/test/cropped_images//ISIC_0016037,0,0,0.2810923022692307,0.13111043876153844,0.0877972476779769
/home/a52550/Desktop/datasets/ISIC2017/test/cropped_images//ISIC_0016038,0,0,0.4988179176923077,0.0010298705141565383,0.0001522147862819231
/home/a52550/Desktop/datasets/ISIC2017/test/cropped_images//ISIC_0016040,0,0,0.4962792088461538,0.0010902208697961538,0.0026305791878784616
/home/a52550/Desktop/datasets/ISIC2017/test/cropped_images//ISIC_0016041,0,2,0.07365166165923077,0.00028294317416923076,0.4260654003846153
/home/a52550/Desktop/datasets/ISIC2017/test/cropped_images//ISIC_0016042,0,0,0.4692965296153846,0.030245995462418074,0.00045747250733930766
/home/a52550/Desktop/datasets/ISIC2017/test/cropped_images//ISIC_0016043,0,0,0.3785053229230769,0.0018115924449192307,0.11968309366338462
/home/a52550/Desktop/datasets/ISIC2017/test/cropped_images//ISIC_0016044,0,0,0.4573366980769231,0.036627328289513844,0.006035965471253847
/home/a52550/Desktop/datasets/ISIC2017/test/cropped_images//ISIC_0016045,0,0,0.4914173165384615,0.0012281272919038462,0.007354564544374615
/home/a52550/Desktop/datasets/ISIC2017/test/cropped_images//ISIC_0016046,0,0,0.45878985269230765,0.04059329906270962,0.0006168406829766538
/home/a52550/Desktop/datasets/ISIC2017/test/cropped_images//ISIC_0016048,0,0,0.4694473392307693,0.030244348508664812,0.00030830916133542694
/home/a52550/Desktop/datasets/ISIC2017/test/cropped_images//ISIC_0016049,0,0,0.4523215126653847,0.047447470632253845,0.00023101568315418616
/home/a52550/Desktop/datasets/ISIC2017/test/cropped_images//ISIC_0016050,0,0,0.49129655961538454,0.007967290178000384,0.0007361476079232137
/home/a52550/Desktop/datasets/ISIC2017/test/cropped_images//ISIC_0016051,0,0,0.49921002230769235,0.0002561010934615385,0.0005338856976813655
/home/a52550/Desktop/datasets/ISIC2017/test/cropped_images//ISIC_0016052,0,0,0.2937363477692308,0.20557464263769232,0.0006890004032215383
/home/a52550/Desktop/datasets/ISIC2017/test/cropped_images//ISIC_0016053,0,0,0.4983887923076923,0.0015149783672419115,9.621491736575767e-05
/home/a52550/Desktop/datasets/ISIC2017/test/cropped_images//ISIC_0016054,0,2,0.04463741272730769,0.008526007208446443,0.4468365842307692
/home/a52550/Desktop/datasets/ISIC2017/test/cropped_images//ISIC_0016055,0,0,0.47841991423076924,0.0068054754305134635,0.014774608986666103
/home/a52550/Desktop/datasets/ISIC2017/test/cropped_images//ISIC_0016056,0,0,0.4794314692307692,0.01971179236634923,0.0008567266291823077
/home/a52550/Desktop/datasets/ISIC2017/test/cropped_images//ISIC_0016057,0,1,0.11735221838461538,0.3824989858769231,0.0001488038048092308
/home/a52550/Desktop/datasets/ISIC2017/test/cropped_images//ISIC_0016058,0,0,0.24548309041376923,0.03182087298946039,0.22269605278076926
/home/a52550/Desktop/datasets/ISIC2017/test/cropped_images//ISIC_0016059,0,0,0.4974522976923076,0.002520391861353846,2.7305211803502305e-05
/home/a52550/Desktop/datasets/ISIC2017/test/cropped_images//ISIC_0016060,0,0,0.4987990123076923,0.00033517674421538465,0.0008658164844662576
/home/a52550/Desktop/datasets/ISIC2017/test/cropped_images//ISIC_0016061,0,0,0.4996800853846154,0.000275576549991932,4.434421953251405e-05
/home/a52550/Desktop/datasets/ISIC2017/test/cropped_images//ISIC_0016062,0,0,0.3784248937692307,0.12124184410315907,0.00033325722371538465
/home/a52550/Desktop/datasets/ISIC2017/test/cropped_images//ISIC_0016063,0,0,0.49707811576923083,0.0028999345226307692,2.194406931817346e-05
/home/a52550/Desktop/datasets/ISIC2017/test/cropped_images//ISIC_0016064,0,0,0.4983771461538462,0.001327908964874846,0.00029493806457038464
/home/a52550/Desktop/datasets/ISIC2017/test/cropped_images//ISIC_0016065,0,0,0.4989468215384616,0.000374918630030673,0.0006782562836746152
/home/a52550/Desktop/datasets/ISIC2017/test/cropped_images//ISIC_0016066,0,1,0.1812689413496154,0.31725575884615387,0.0014753025289134616
/home/a52550/Desktop/datasets/ISIC2017/test/cropped_images//ISIC_0016068,0,1,0.005207272381230768,0.4944967073076923,0.0002960251302934615
/home/a52550/Desktop/datasets/ISIC2017/test/cropped_images//ISIC_0016069,0,0,0.49904632000000004,0.0007810825709615381,0.00017260225829846156
/home/a52550/Desktop/datasets/ISIC2017/test/cropped_images//ISIC_0016070,0,0,0.49884786923076924,0.000837652471169077,0.00031448133219592314
/home/a52550/Desktop/datasets/ISIC2017/test/cropped_images//ISIC_0016071,0,0,0.46248697346153844,0.034170586295000006,0.0033424259725530776
/home/a52550/Desktop/datasets/ISIC2017/test/cropped_images//ISIC_0016072,0,1,0.033824769877692305,0.46594365961538453,0.00023157268250384618
